Watching for file changes with StatReloader
"GET /admin/auth/user/ HTTP/1.1" 302 0
"GET /admin/login/?next=/admin/auth/user/ HTTP/1.1" 200 4257
"GET /static/admin/css/base.css HTTP/1.1" 304 0
"GET /static/admin/css/dark_mode.css HTTP/1.1" 304 0
"GET /static/admin/css/nav_sidebar.css HTTP/1.1" 304 0
"GET /static/admin/css/login.css HTTP/1.1" 304 0
"GET /static/admin/js/nav_sidebar.js HTTP/1.1" 304 0
"GET /static/admin/css/responsive.css HTTP/1.1" 304 0
"GET /static/admin/js/theme.js HTTP/1.1" 304 0
"GET /admin/login/?next=/admin/auth/user/ HTTP/1.1" 200 4257
"POST /admin/login/?next=/admin/auth/user/ HTTP/1.1" 200 4449
Watching for file changes with StatReloader
"POST /admin/login/?next=/admin/auth/user/ HTTP/1.1" 200 4449
"POST /admin/login/?next=/admin/auth/user/ HTTP/1.1" 302 0
Not Found: /admin/auth/user/
"GET /admin/auth/user/ HTTP/1.1" 404 5927
"GET /admin/ HTTP/1.1" 200 10420
"GET /static/admin/css/base.css HTTP/1.1" 304 0
"GET /static/admin/css/dark_mode.css HTTP/1.1" 304 0
"GET /static/admin/css/nav_sidebar.css HTTP/1.1" 304 0
"GET /static/admin/js/nav_sidebar.js HTTP/1.1" 304 0
"GET /static/admin/css/dashboard.css HTTP/1.1" 304 0
"GET /static/admin/css/responsive.css HTTP/1.1" 304 0
"GET /static/admin/js/theme.js HTTP/1.1" 304 0
"GET /static/admin/img/icon-changelink.svg HTTP/1.1" 304 0
"GET /static/admin/img/icon-addlink.svg HTTP/1.1" 304 0
"GET /admin/accounts/docente/ HTTP/1.1" 200 11312
"GET /static/admin/css/changelists.css HTTP/1.1" 304 0
"GET /static/admin/js/vendor/jquery/jquery.js HTTP/1.1" 304 0
"GET /static/admin/js/admin/RelatedObjectLookups.js HTTP/1.1" 304 0
"GET /static/admin/js/actions.js HTTP/1.1" 304 0
"GET /static/admin/js/core.js HTTP/1.1" 304 0
"GET /static/admin/js/jquery.init.js HTTP/1.1" 304 0
"GET /static/admin/js/prepopulate.js HTTP/1.1" 304 0
"GET /static/admin/js/vendor/xregexp/xregexp.js HTTP/1.1" 304 0
"GET /static/admin/js/urlify.js HTTP/1.1" 304 0
"GET /static/admin/img/search.svg HTTP/1.1" 304 0
"GET /admin/jsi18n/ HTTP/1.1" 200 8006
"GET /static/admin/js/filters.js HTTP/1.1" 304 0
"GET /static/admin/img/tooltag-add.svg HTTP/1.1" 304 0
"GET /admin/accounts/estudiante/ HTTP/1.1" 200 11469
"GET /admin/jsi18n/ HTTP/1.1" 200 8006
"GET /admin/accounts/grado/ HTTP/1.1" 200 11340
"GET /admin/jsi18n/ HTTP/1.1" 200 8006
"GET /admin/accounts/user/ HTTP/1.1" 200 13755
"GET /static/admin/img/icon-yes.svg HTTP/1.1" 304 0
"GET /admin/jsi18n/ HTTP/1.1" 200 8006
"GET /admin/courses/asistencia/ HTTP/1.1" 200 12174
"GET /admin/jsi18n/ HTTP/1.1" 200 8006
"GET /admin/courses/calificacion/ HTTP/1.1" 200 11607
"GET /admin/jsi18n/ HTTP/1.1" 200 8006
"GET /admin/courses/curso/ HTTP/1.1" 200 11273
"GET /admin/jsi18n/ HTTP/1.1" 200 8006
"GET /admin/courses/matricula/ HTTP/1.1" 200 11567
"GET /admin/jsi18n/ HTTP/1.1" 200 8006
"GET /admin/token_blacklist/blacklistedtoken/ HTTP/1.1" 200 10981
"GET /admin/jsi18n/ HTTP/1.1" 200 8006
"GET /admin/token_blacklist/outstandingtoken/ HTTP/1.1" 200 10795
C:\xampp\htdocs\ProyectoSGE\sistema-gestion-escolar\backend\accounts\views.py changed, reloading.
Watching for file changes with StatReloader
C:\xampp\htdocs\ProyectoSGE\sistema-gestion-escolar\backend\accounts\urls.py changed, reloading.
Watching for file changes with StatReloader
C:\xampp\htdocs\ProyectoSGE\sistema-gestion-escolar\backend\core\urls.py changed, reloading.
Watching for file changes with StatReloader
C:\xampp\htdocs\ProyectoSGE\sistema-gestion-escolar\backend\payments\admin.py changed, reloading.
Watching for file changes with StatReloader
Watching for file changes with StatReloader
"GET /admin/token_blacklist/outstandingtoken/ HTTP/1.1" 200 11321
"GET /static/admin/css/dark_mode.css HTTP/1.1" 304 0
"GET /static/admin/css/base.css HTTP/1.1" 304 0
"GET /static/admin/css/nav_sidebar.css HTTP/1.1" 304 0
"GET /static/admin/css/changelists.css HTTP/1.1" 304 0
"GET /static/admin/js/vendor/jquery/jquery.js HTTP/1.1" 304 0
"GET /static/admin/js/admin/RelatedObjectLookups.js HTTP/1.1" 304 0
"GET /static/admin/js/core.js HTTP/1.1" 304 0
"GET /static/admin/css/responsive.css HTTP/1.1" 304 0
"GET /static/admin/js/actions.js HTTP/1.1" 304 0
"GET /static/admin/js/jquery.init.js HTTP/1.1" 304 0
"GET /static/admin/js/prepopulate.js HTTP/1.1" 304 0
"GET /static/admin/js/vendor/xregexp/xregexp.js HTTP/1.1" 304 0
"GET /static/admin/js/urlify.js HTTP/1.1" 304 0
"GET /static/admin/img/search.svg HTTP/1.1" 304 0
"GET /static/admin/js/nav_sidebar.js HTTP/1.1" 304 0
"GET /static/admin/js/theme.js HTTP/1.1" 304 0
"GET /static/admin/js/filters.js HTTP/1.1" 304 0
"GET /static/admin/img/icon-addlink.svg HTTP/1.1" 304 0
"GET /admin/payments/pago/ HTTP/1.1" 200 12624
"GET /admin/jsi18n/ HTTP/1.1" 200 8006
"GET /static/admin/img/tooltag-add.svg HTTP/1.1" 304 0
"GET /admin/accounts/docente/ HTTP/1.1" 200 11838
"GET /admin/jsi18n/ HTTP/1.1" 200 8006
"GET /admin/accounts/docente/add/ HTTP/1.1" 200 16335
"GET /static/admin/img/icon-changelink.svg HTTP/1.1" 304 0
"GET /admin/jsi18n/ HTTP/1.1" 200 8006
"GET /static/admin/img/icon-viewlink.svg HTTP/1.1" 200 581
"GET /static/admin/css/forms.css HTTP/1.1" 200 8953
"GET /static/admin/css/widgets.css HTTP/1.1" 200 11952
"GET /static/admin/js/admin/DateTimeShortcuts.js HTTP/1.1" 200 19319
"GET /static/admin/js/prepopulate_init.js HTTP/1.1" 200 586
"GET /static/admin/js/change_form.js HTTP/1.1" 200 606
"GET /static/admin/js/calendar.js HTTP/1.1" 200 8466
"GET /static/admin/img/icon-calendar.svg HTTP/1.1" 200 1086
"GET /admin/accounts/user/ HTTP/1.1" 200 14281
"GET /static/admin/img/icon-yes.svg HTTP/1.1" 304 0
"GET /admin/jsi18n/ HTTP/1.1" 200 8006
"GET /admin/accounts/user/add/ HTTP/1.1" 200 14240
"GET /admin/jsi18n/ HTTP/1.1" 200 8006
"POST /admin/accounts/user/add/ HTTP/1.1" 200 14558
"GET /admin/jsi18n/ HTTP/1.1" 200 8006
"POST /admin/accounts/user/add/ HTTP/1.1" 200 14472
"GET /admin/jsi18n/ HTTP/1.1" 200 8006
"POST /admin/accounts/user/add/ HTTP/1.1" 200 14529
"GET /admin/jsi18n/ HTTP/1.1" 200 8006
"GET /admin/accounts/user/ HTTP/1.1" 200 14281
"GET /admin/jsi18n/ HTTP/1.1" 200 8006
"OPTIONS /api/v1/auth/login/ HTTP/1.1" 200 0
"POST /api/v1/auth/login/ HTTP/1.1" 200 709
"OPTIONS /api/v1/auth/estudiantes/ HTTP/1.1" 200 0
"OPTIONS /api/v1/auth/docentes/ HTTP/1.1" 200 0
"GET /api/v1/auth/estudiantes/ HTTP/1.1" 200 2
"OPTIONS /api/v1/cursos/ HTTP/1.1" 200 0
"OPTIONS /api/v1/pagos/ HTTP/1.1" 200 0
"OPTIONS /api/v1/auth/docentes/ HTTP/1.1" 200 0
"OPTIONS /api/v1/cursos/ HTTP/1.1" 200 0
"OPTIONS /api/v1/pagos/ HTTP/1.1" 200 0
"GET /api/v1/auth/docentes/ HTTP/1.1" 200 2
"GET /api/v1/cursos/ HTTP/1.1" 200 2
"GET /api/v1/auth/estudiantes/ HTTP/1.1" 200 2
"GET /api/v1/pagos/ HTTP/1.1" 200 2
"GET /api/v1/auth/docentes/ HTTP/1.1" 200 2
"GET /api/v1/cursos/ HTTP/1.1" 200 2
"GET /api/v1/pagos/ HTTP/1.1" 200 2
"OPTIONS /api/v1/auth/grados/ HTTP/1.1" 200 0
"OPTIONS /api/v1/auth/grados/ HTTP/1.1" 200 0
"GET /api/v1/auth/estudiantes/ HTTP/1.1" 200 2
"GET /api/v1/auth/grados/ HTTP/1.1" 200 2
"GET /api/v1/auth/estudiantes/ HTTP/1.1" 200 2
"GET /api/v1/auth/grados/ HTTP/1.1" 200 2
"GET /api/v1/auth/docentes/ HTTP/1.1" 200 2
"GET /api/v1/auth/docentes/ HTTP/1.1" 200 2
"GET /api/v1/cursos/ HTTP/1.1" 200 2
"GET /api/v1/auth/grados/ HTTP/1.1" 200 2
"GET /api/v1/auth/docentes/ HTTP/1.1" 200 2
"GET /api/v1/auth/grados/ HTTP/1.1" 200 2
"GET /api/v1/auth/docentes/ HTTP/1.1" 200 2
"GET /api/v1/cursos/ HTTP/1.1" 200 2
"GET /api/v1/auth/grados/ HTTP/1.1" 200 2
"GET /api/v1/auth/estudiantes/ HTTP/1.1" 200 2
"GET /api/v1/auth/estudiantes/ HTTP/1.1" 200 2
"GET /api/v1/auth/grados/ HTTP/1.1" 200 2
"GET /api/v1/auth/docentes/ HTTP/1.1" 200 2
"GET /api/v1/auth/docentes/ HTTP/1.1" 200 2
"GET /api/v1/auth/grados/ HTTP/1.1" 200 2
"GET /api/v1/cursos/ HTTP/1.1" 200 2
"GET /api/v1/auth/docentes/ HTTP/1.1" 200 2
"GET /api/v1/cursos/ HTTP/1.1" 200 2
"GET /api/v1/auth/grados/ HTTP/1.1" 200 2
"GET /api/v1/auth/docentes/ HTTP/1.1" 200 2
"OPTIONS /api/v1/cursos/calificaciones/ HTTP/1.1" 200 0
"OPTIONS /api/v1/cursos/calificaciones/ HTTP/1.1" 200 0
"GET /api/v1/cursos/ HTTP/1.1" 200 2
"GET /api/v1/auth/estudiantes/ HTTP/1.1" 200 2
"GET /api/v1/cursos/calificaciones/ HTTP/1.1" 200 2
"GET /api/v1/auth/estudiantes/ HTTP/1.1" 200 2
"GET /api/v1/cursos/ HTTP/1.1" 200 2
"GET /api/v1/cursos/calificaciones/ HTTP/1.1" 200 2
"OPTIONS /api/v1/cursos/asistencias/ HTTP/1.1" 200 0
"OPTIONS /api/v1/cursos/asistencias/ HTTP/1.1" 200 0
"GET /api/v1/auth/estudiantes/ HTTP/1.1" 200 2
"GET /api/v1/cursos/asistencias/ HTTP/1.1" 200 2
"GET /api/v1/cursos/ HTTP/1.1" 200 2
"GET /api/v1/auth/estudiantes/ HTTP/1.1" 200 2
"GET /api/v1/cursos/asistencias/ HTTP/1.1" 200 2
"GET /api/v1/cursos/ HTTP/1.1" 200 2
"OPTIONS /api/v1/pagos/resumen/ HTTP/1.1" 200 0
"OPTIONS /api/v1/pagos/resumen/ HTTP/1.1" 200 0
"GET /api/v1/pagos/ HTTP/1.1" 200 2
"GET /api/v1/auth/estudiantes/ HTTP/1.1" 200 2
"GET /api/v1/pagos/resumen/ HTTP/1.1" 200 33
"GET /api/v1/auth/estudiantes/ HTTP/1.1" 200 2
"GET /api/v1/pagos/ HTTP/1.1" 200 2
"GET /api/v1/pagos/resumen/ HTTP/1.1" 200 33
"GET /api/v1/auth/docentes/ HTTP/1.1" 200 2
"GET /api/v1/pagos/ HTTP/1.1" 200 2
"GET /api/v1/cursos/ HTTP/1.1" 200 2
"GET /api/v1/auth/estudiantes/ HTTP/1.1" 200 2
"GET /api/v1/auth/docentes/ HTTP/1.1" 200 2
"GET /api/v1/cursos/ HTTP/1.1" 200 2
"GET /api/v1/auth/estudiantes/ HTTP/1.1" 200 2
"GET /api/v1/pagos/ HTTP/1.1" 200 2
"GET /api/v1/auth/docentes/ HTTP/1.1" 200 2
"GET /api/v1/auth/docentes/ HTTP/1.1" 200 2
"GET /api/v1/auth/grados/ HTTP/1.1" 200 2
"GET /api/v1/auth/estudiantes/ HTTP/1.1" 200 2
"GET /api/v1/auth/grados/ HTTP/1.1" 200 2
"GET /api/v1/auth/estudiantes/ HTTP/1.1" 200 2
"GET /api/v1/auth/docentes/ HTTP/1.1" 200 2
"GET /api/v1/auth/docentes/ HTTP/1.1" 200 2
"GET /api/v1/auth/grados/ HTTP/1.1" 200 2
"GET /api/v1/cursos/ HTTP/1.1" 200 2
"GET /api/v1/auth/docentes/ HTTP/1.1" 200 2
"GET /api/v1/auth/grados/ HTTP/1.1" 200 2
"GET /api/v1/cursos/ HTTP/1.1" 200 2
"GET /api/v1/auth/docentes/ HTTP/1.1" 200 2
"GET /api/v1/cursos/ HTTP/1.1" 200 2
"GET /api/v1/cursos/asistencias/ HTTP/1.1" 200 2
"GET /api/v1/auth/estudiantes/ HTTP/1.1" 200 2
"GET /api/v1/cursos/ HTTP/1.1" 200 2
"GET /api/v1/cursos/asistencias/ HTTP/1.1" 200 2
"GET /api/v1/auth/estudiantes/ HTTP/1.1" 200 2
"GET /api/v1/cursos/ HTTP/1.1" 200 2
"GET /api/v1/auth/estudiantes/ HTTP/1.1" 200 2
"GET /api/v1/cursos/calificaciones/ HTTP/1.1" 200 2
"GET /api/v1/cursos/calificaciones/ HTTP/1.1" 200 2
"GET /api/v1/cursos/ HTTP/1.1" 200 2
"GET /api/v1/auth/estudiantes/ HTTP/1.1" 200 2
"GET /api/v1/auth/estudiantes/ HTTP/1.1" 200 2
"GET /api/v1/pagos/resumen/ HTTP/1.1" 200 33
"GET /api/v1/auth/estudiantes/ HTTP/1.1" 200 2
"GET /api/v1/pagos/resumen/ HTTP/1.1" 200 33
"GET /api/v1/pagos/ HTTP/1.1" 200 2
"GET /api/v1/pagos/ HTTP/1.1" 200 2
"GET /admin/accounts/user/1/change/ HTTP/1.1" 200 30151
"GET /static/admin/css/base.css HTTP/1.1" 304 0
"GET /static/admin/js/vendor/jquery/jquery.js HTTP/1.1" 304 0
"GET /static/admin/css/nav_sidebar.css HTTP/1.1" 304 0
"GET /static/admin/js/core.js HTTP/1.1" 304 0
"GET /static/admin/css/dark_mode.css HTTP/1.1" 304 0
"GET /static/admin/js/jquery.init.js HTTP/1.1" 304 0
"GET /static/admin/js/admin/RelatedObjectLookups.js HTTP/1.1" 304 0
"GET /static/admin/css/responsive.css HTTP/1.1" 304 0
"GET /static/admin/js/actions.js HTTP/1.1" 304 0
"GET /admin/jsi18n/ HTTP/1.1" 200 8006
"GET /static/admin/js/SelectBox.js HTTP/1.1" 200 4530
"GET /static/admin/js/SelectFilter2.js HTTP/1.1" 200 15292
"GET /static/admin/js/vendor/xregexp/xregexp.js HTTP/1.1" 304 0
"GET /static/admin/js/prepopulate.js HTTP/1.1" 304 0
"GET /static/admin/js/urlify.js HTTP/1.1" 304 0
"GET /static/admin/img/icon-addlink.svg HTTP/1.1" 304 0
"GET /static/admin/js/theme.js HTTP/1.1" 304 0
"GET /static/admin/js/nav_sidebar.js HTTP/1.1" 304 0
"GET /static/admin/img/icon-unknown.svg HTTP/1.1" 200 655
"GET /static/admin/img/search.svg HTTP/1.1" 304 0
"GET /static/admin/img/selector-icons.svg HTTP/1.1" 200 3291
"GET /static/admin/img/icon-clock.svg HTTP/1.1" 200 677
"GET /static/admin/img/icon-unknown-alt.svg HTTP/1.1" 200 655
"POST /admin/accounts/user/1/change/ HTTP/1.1" 302 0
"GET /admin/accounts/user/ HTTP/1.1" 200 14494
"GET /static/admin/css/changelists.css HTTP/1.1" 304 0
"GET /admin/jsi18n/ HTTP/1.1" 200 8006
"GET /static/admin/js/filters.js HTTP/1.1" 304 0
"GET /api/v1/pagos/ HTTP/1.1" 200 2
"GET /api/v1/auth/estudiantes/ HTTP/1.1" 200 2
"GET /api/v1/pagos/resumen/ HTTP/1.1" 200 33
"GET /api/v1/pagos/ HTTP/1.1" 200 2
"GET /api/v1/auth/estudiantes/ HTTP/1.1" 200 2
"GET /api/v1/pagos/resumen/ HTTP/1.1" 200 33
"OPTIONS /api/v1/auth/logout/ HTTP/1.1" 200 0
"POST /api/v1/auth/logout/ HTTP/1.1" 200 43
"POST /api/v1/auth/login/ HTTP/1.1" 200 706
"GET /api/v1/auth/estudiantes/ HTTP/1.1" 200 2
"GET /api/v1/cursos/ HTTP/1.1" 200 2
"GET /api/v1/auth/estudiantes/ HTTP/1.1" 200 2
"GET /api/v1/pagos/ HTTP/1.1" 200 2
"GET /api/v1/auth/docentes/ HTTP/1.1" 200 2
"GET /api/v1/cursos/ HTTP/1.1" 200 2
"GET /api/v1/auth/docentes/ HTTP/1.1" 200 2
"GET /api/v1/pagos/ HTTP/1.1" 200 2
C:\xampp\htdocs\ProyectoSGE\sistema-gestion-escolar\backend\courses\models.py changed, reloading.
Watching for file changes with StatReloader
C:\xampp\htdocs\ProyectoSGE\sistema-gestion-escolar\backend\courses\serializers.py changed, reloading.
Watching for file changes with StatReloader
C:\xampp\htdocs\ProyectoSGE\sistema-gestion-escolar\backend\courses\views.py changed, reloading.
Watching for file changes with StatReloader
C:\xampp\htdocs\ProyectoSGE\sistema-gestion-escolar\backend\courses\urls.py changed, reloading.
Watching for file changes with StatReloader
C:\xampp\htdocs\ProyectoSGE\sistema-gestion-escolar\backend\accounts\views.py changed, reloading.
Watching for file changes with StatReloader
C:\xampp\htdocs\ProyectoSGE\sistema-gestion-escolar\backend\accounts\urls.py changed, reloading.
Watching for file changes with StatReloader
C:\xampp\htdocs\ProyectoSGE\sistema-gestion-escolar\backend\courses\admin.py changed, reloading.
Watching for file changes with StatReloader
Watching for file changes with StatReloader
"GET /admin/accounts/user/1/change/ HTTP/1.1" 200 30741
"GET /static/admin/css/base.css HTTP/1.1" 304 0
"GET /static/admin/css/dark_mode.css HTTP/1.1" 304 0
"GET /static/admin/css/nav_sidebar.css HTTP/1.1" 304 0
"GET /static/admin/css/forms.css HTTP/1.1" 304 0
"GET /static/admin/js/vendor/jquery/jquery.js HTTP/1.1" 304 0
"GET /static/admin/js/jquery.init.js HTTP/1.1" 304 0
"GET /static/admin/js/calendar.js HTTP/1.1" 304 0
"GET /static/admin/js/admin/DateTimeShortcuts.js HTTP/1.1" 304 0
"GET /static/admin/css/responsive.css HTTP/1.1" 304 0
"GET /static/admin/js/core.js HTTP/1.1" 304 0
"GET /static/admin/css/widgets.css HTTP/1.1" 304 0
"GET /static/admin/js/admin/RelatedObjectLookups.js HTTP/1.1" 304 0
"GET /static/admin/js/actions.js HTTP/1.1" 304 0
"GET /static/admin/js/urlify.js HTTP/1.1" 304 0
"GET /static/admin/js/SelectFilter2.js HTTP/1.1" 304 0
"GET /static/admin/js/SelectBox.js HTTP/1.1" 304 0
"GET /static/admin/js/vendor/xregexp/xregexp.js HTTP/1.1" 304 0
"GET /static/admin/js/prepopulate.js HTTP/1.1" 304 0
"GET /admin/jsi18n/ HTTP/1.1" 200 8006
"GET /static/admin/img/icon-addlink.svg HTTP/1.1" 304 0
"GET /static/admin/js/prepopulate_init.js HTTP/1.1" 304 0
"GET /static/admin/js/theme.js HTTP/1.1" 304 0
"GET /static/admin/js/nav_sidebar.js HTTP/1.1" 304 0
"GET /static/admin/js/change_form.js HTTP/1.1" 304 0
"GET /static/admin/img/search.svg HTTP/1.1" 304 0
"GET /static/admin/img/icon-unknown.svg HTTP/1.1" 304 0
"GET /static/admin/img/icon-unknown-alt.svg HTTP/1.1" 304 0
"GET /static/admin/img/icon-calendar.svg HTTP/1.1" 304 0
"GET /static/admin/img/selector-icons.svg HTTP/1.1" 304 0
"GET /static/admin/img/icon-clock.svg HTTP/1.1" 304 0
"POST /admin/accounts/user/1/change/ HTTP/1.1" 302 0
"GET /admin/accounts/user/ HTTP/1.1" 200 14816
"GET /static/admin/css/changelists.css HTTP/1.1" 304 0
"GET /static/admin/img/icon-yes.svg HTTP/1.1" 304 0
"GET /admin/jsi18n/ HTTP/1.1" 200 8006
"GET /static/admin/js/filters.js HTTP/1.1" 304 0
"GET /static/admin/img/tooltag-add.svg HTTP/1.1" 304 0
Watching for file changes with StatReloader
Watching for file changes with StatReloader
"GET /admin/accounts/user/ HTTP/1.1" 302 0
"GET /admin/login/?next=/admin/accounts/user/ HTTP/1.1" 200 4265
"GET /static/admin/css/base.css HTTP/1.1" 304 0
"GET /static/admin/css/dark_mode.css HTTP/1.1" 304 0
"GET /static/admin/css/nav_sidebar.css HTTP/1.1" 304 0
"GET /static/admin/css/login.css HTTP/1.1" 304 0
"GET /static/admin/js/nav_sidebar.js HTTP/1.1" 304 0
"GET /static/admin/css/responsive.css HTTP/1.1" 304 0
"GET /static/admin/js/theme.js HTTP/1.1" 304 0
"OPTIONS /api/v1/auth/mis-cursos/ HTTP/1.1" 200 0
"OPTIONS /api/v1/auth/mis-cursos/ HTTP/1.1" 200 0
Unauthorized: /api/v1/auth/mis-cursos/
"GET /api/v1/auth/mis-cursos/ HTTP/1.1" 401 58
"OPTIONS /api/v1/auth/refresh/ HTTP/1.1" 200 0
Unauthorized: /api/v1/auth/mis-cursos/
"GET /api/v1/auth/mis-cursos/ HTTP/1.1" 401 58
"POST /api/v1/auth/refresh/ HTTP/1.1" 200 241
"POST /api/v1/auth/refresh/ HTTP/1.1" 200 241
Unauthorized: /api/v1/auth/mis-cursos/
"GET /api/v1/auth/mis-cursos/ HTTP/1.1" 401 58
Unauthorized: /api/v1/auth/mis-cursos/
"GET /api/v1/auth/mis-cursos/ HTTP/1.1" 401 58
"POST /admin/login/?next=/admin/accounts/user/ HTTP/1.1" 200 4468
"POST /admin/login/?next=/admin/accounts/user/ HTTP/1.1" 200 4468
"POST /admin/login/?next=/admin/accounts/user/ HTTP/1.1" 302 0
"GET /admin/accounts/user/ HTTP/1.1" 200 14600
"GET /static/admin/js/core.js HTTP/1.1" 304 0
"GET /static/admin/css/changelists.css HTTP/1.1" 304 0
"GET /static/admin/js/admin/RelatedObjectLookups.js HTTP/1.1" 304 0
"GET /static/admin/js/vendor/jquery/jquery.js HTTP/1.1" 304 0
"GET /static/admin/js/jquery.init.js HTTP/1.1" 304 0
"GET /static/admin/js/actions.js HTTP/1.1" 304 0
"GET /static/admin/js/vendor/xregexp/xregexp.js HTTP/1.1" 304 0
"GET /static/admin/js/urlify.js HTTP/1.1" 304 0
"GET /static/admin/js/prepopulate.js HTTP/1.1" 304 0
"GET /static/admin/img/search.svg HTTP/1.1" 304 0
"GET /static/admin/img/icon-yes.svg HTTP/1.1" 304 0
"GET /admin/jsi18n/ HTTP/1.1" 200 8006
"GET /static/admin/js/filters.js HTTP/1.1" 304 0
"GET /static/admin/img/icon-addlink.svg HTTP/1.1" 304 0
"GET /static/admin/img/tooltag-add.svg HTTP/1.1" 304 0
"GET /admin/accounts/user/1/change/ HTTP/1.1" 200 30791
"GET /static/admin/css/forms.css HTTP/1.1" 304 0
"GET /static/admin/js/SelectBox.js HTTP/1.1" 304 0
"GET /static/admin/js/SelectFilter2.js HTTP/1.1" 304 0
"GET /static/admin/js/calendar.js HTTP/1.1" 304 0
"GET /static/admin/js/admin/DateTimeShortcuts.js HTTP/1.1" 304 0
"GET /static/admin/js/prepopulate_init.js HTTP/1.1" 304 0
"GET /admin/jsi18n/ HTTP/1.1" 200 8006
"GET /static/admin/css/widgets.css HTTP/1.1" 304 0
"GET /static/admin/js/change_form.js HTTP/1.1" 304 0
"GET /static/admin/img/icon-unknown.svg HTTP/1.1" 304 0
"GET /static/admin/img/icon-calendar.svg HTTP/1.1" 304 0
"GET /static/admin/img/icon-unknown-alt.svg HTTP/1.1" 304 0
"GET /static/admin/img/selector-icons.svg HTTP/1.1" 304 0
"GET /static/admin/img/icon-clock.svg HTTP/1.1" 304 0
"POST /admin/accounts/user/1/change/ HTTP/1.1" 302 0
"GET /admin/accounts/user/ HTTP/1.1" 200 14823
"GET /admin/jsi18n/ HTTP/1.1" 200 8006
"GET /api/v1/auth/mis-cursos/ HTTP/1.1" 200 2
"GET /api/v1/auth/mis-cursos/ HTTP/1.1" 200 2
"GET /admin/courses/curso/ HTTP/1.1" 200 12108
"GET /admin/jsi18n/ HTTP/1.1" 200 8006
"GET /admin/courses/curso/add/ HTTP/1.1" 200 18703
"GET /static/admin/img/icon-changelink.svg HTTP/1.1" 304 0
"GET /static/admin/img/icon-viewlink.svg HTTP/1.1" 304 0
"GET /admin/jsi18n/ HTTP/1.1" 200 8006
"GET /static/admin/img/icon-deletelink.svg HTTP/1.1" 200 392
"GET /admin/accounts/grado/ HTTP/1.1" 200 12175
"GET /admin/jsi18n/ HTTP/1.1" 200 8006
"GET /admin/accounts/grado/add/ HTTP/1.1" 200 14136
"GET /admin/jsi18n/ HTTP/1.1" 200 8006
"POST /admin/accounts/grado/add/ HTTP/1.1" 302 0
"GET /admin/accounts/grado/ HTTP/1.1" 200 14157
"GET /admin/jsi18n/ HTTP/1.1" 200 8006
"GET /admin/courses/curso/ HTTP/1.1" 200 12108
"GET /admin/jsi18n/ HTTP/1.1" 200 8006
"GET /admin/courses/curso/add/ HTTP/1.1" 200 18736
"GET /admin/jsi18n/ HTTP/1.1" 200 8006
"GET /admin/accounts/docente/ HTTP/1.1" 200 12147
"GET /admin/jsi18n/ HTTP/1.1" 200 8006
"GET /admin/accounts/docente/add/ HTTP/1.1" 200 16651
"GET /admin/jsi18n/ HTTP/1.1" 200 8006
"GET /admin/accounts/user/ HTTP/1.1" 200 14597
"GET /admin/jsi18n/ HTTP/1.1" 200 8006
"GET /admin/accounts/user/add/ HTTP/1.1" 200 14549
"GET /admin/jsi18n/ HTTP/1.1" 200 8006
"POST /admin/accounts/user/add/ HTTP/1.1" 302 0
"GET /admin/accounts/user/2/change/ HTTP/1.1" 200 30846
"GET /admin/jsi18n/ HTTP/1.1" 200 8006
"POST /admin/accounts/user/2/change/ HTTP/1.1" 302 0
"GET /admin/accounts/user/ HTTP/1.1" 200 15255
"GET /admin/jsi18n/ HTTP/1.1" 200 8006
"GET /admin/accounts/docente/ HTTP/1.1" 200 12147
"GET /admin/jsi18n/ HTTP/1.1" 200 8006
"GET /admin/accounts/docente/add/ HTTP/1.1" 200 16720
"GET /admin/jsi18n/ HTTP/1.1" 200 8006
"POST /admin/accounts/docente/add/ HTTP/1.1" 200 16985
"GET /admin/jsi18n/ HTTP/1.1" 200 8006
"GET /static/admin/img/calendar-icons.svg HTTP/1.1" 200 1094
"POST /admin/accounts/docente/add/ HTTP/1.1" 302 0
"GET /admin/accounts/docente/ HTTP/1.1" 200 14158
"GET /admin/jsi18n/ HTTP/1.1" 200 8006
"GET /admin/auth/group/ HTTP/1.1" 200 11710
"GET /admin/jsi18n/ HTTP/1.1" 200 8006
"GET /admin/courses/curso/ HTTP/1.1" 200 12108
"GET /admin/jsi18n/ HTTP/1.1" 200 8006
"GET /admin/ HTTP/1.1" 200 13070
"GET /static/admin/css/dashboard.css HTTP/1.1" 304 0
Watching for file changes with StatReloader
Watching for file changes with StatReloader
"GET /api/v1/auth/mis-cursos/ HTTP/1.1" 200 2
"GET /api/v1/auth/mis-cursos/ HTTP/1.1" 200 2
"GET /api/v1/auth/mis-cursos/ HTTP/1.1" 200 2
"GET /api/v1/auth/mis-cursos/ HTTP/1.1" 200 2
"POST /api/v1/auth/logout/ HTTP/1.1" 200 43
"POST /api/v1/auth/login/ HTTP/1.1" 200 712
"GET /api/v1/auth/mis-cursos/ HTTP/1.1" 200 2
"GET /api/v1/auth/mis-cursos/ HTTP/1.1" 200 2
"GET /admin/courses/curso/ HTTP/1.1" 200 12108
"GET /static/admin/css/base.css HTTP/1.1" 304 0
"GET /static/admin/css/dark_mode.css HTTP/1.1" 304 0
"GET /static/admin/css/nav_sidebar.css HTTP/1.1" 304 0
"GET /static/admin/js/jquery.init.js HTTP/1.1" 304 0
"GET /static/admin/css/changelists.css HTTP/1.1" 304 0
"GET /static/admin/js/core.js HTTP/1.1" 304 0
"GET /static/admin/css/responsive.css HTTP/1.1" 304 0
"GET /static/admin/js/vendor/jquery/jquery.js HTTP/1.1" 304 0
"GET /static/admin/js/actions.js HTTP/1.1" 304 0
"GET /static/admin/js/urlify.js HTTP/1.1" 304 0
"GET /static/admin/js/admin/RelatedObjectLookups.js HTTP/1.1" 304 0
"GET /static/admin/js/prepopulate.js HTTP/1.1" 304 0
"GET /static/admin/js/vendor/xregexp/xregexp.js HTTP/1.1" 304 0
"GET /static/admin/img/search.svg HTTP/1.1" 304 0
"GET /admin/jsi18n/ HTTP/1.1" 200 8006
"GET /static/admin/js/theme.js HTTP/1.1" 304 0
"GET /static/admin/js/nav_sidebar.js HTTP/1.1" 304 0
"GET /static/admin/js/filters.js HTTP/1.1" 304 0
"GET /static/admin/img/icon-addlink.svg HTTP/1.1" 304 0
"GET /static/admin/img/tooltag-add.svg HTTP/1.1" 304 0
"GET /admin/accounts/grado/ HTTP/1.1" 200 13960
"GET /static/admin/img/icon-yes.svg HTTP/1.1" 304 0
"GET /admin/jsi18n/ HTTP/1.1" 200 8006
"GET /admin/courses/curso/ HTTP/1.1" 200 12108
"GET /admin/jsi18n/ HTTP/1.1" 200 8006
"GET /admin/courses/curso/add/ HTTP/1.1" 200 18801
"GET /static/admin/img/icon-changelink.svg HTTP/1.1" 304 0
"GET /static/admin/css/forms.css HTTP/1.1" 304 0
"GET /static/admin/img/icon-viewlink.svg HTTP/1.1" 304 0
"GET /admin/jsi18n/ HTTP/1.1" 200 8006
"GET /static/admin/css/widgets.css HTTP/1.1" 304 0
"GET /static/admin/js/prepopulate_init.js HTTP/1.1" 304 0
"GET /static/admin/img/icon-deletelink.svg HTTP/1.1" 304 0
"GET /static/admin/js/change_form.js HTTP/1.1" 304 0
"POST /admin/courses/curso/add/ HTTP/1.1" 302 0
"GET /admin/courses/curso/ HTTP/1.1" 200 14485
"GET /admin/jsi18n/ HTTP/1.1" 200 8006
"GET /api/v1/auth/mis-cursos/ HTTP/1.1" 200 588
"GET /api/v1/auth/mis-cursos/ HTTP/1.1" 200 588
"GET /api/v1/auth/mis-cursos/ HTTP/1.1" 200 588
"GET /api/v1/auth/mis-cursos/ HTTP/1.1" 200 588
"OPTIONS /api/v1/cursos/1/estudiantes/ HTTP/1.1" 200 0
"OPTIONS /api/v1/cursos/1/estudiantes/ HTTP/1.1" 200 0
"GET /api/v1/cursos/1/estudiantes/ HTTP/1.1" 200 2
"GET /api/v1/cursos/1/estudiantes/ HTTP/1.1" 200 2
"GET /admin/accounts/user/ HTTP/1.1" 200 15026
"GET /admin/jsi18n/ HTTP/1.1" 200 8006
"GET /admin/accounts/user/1/change/ HTTP/1.1" 200 30782
"GET /static/admin/js/admin/DateTimeShortcuts.js HTTP/1.1" 304 0
"GET /static/admin/js/calendar.js HTTP/1.1" 304 0
"GET /static/admin/js/SelectBox.js HTTP/1.1" 304 0
"GET /static/admin/js/SelectFilter2.js HTTP/1.1" 304 0
"GET /admin/jsi18n/ HTTP/1.1" 200 8006
"GET /static/admin/img/icon-unknown.svg HTTP/1.1" 304 0
"GET /static/admin/img/selector-icons.svg HTTP/1.1" 304 0
"GET /static/admin/img/icon-unknown-alt.svg HTTP/1.1" 304 0
"GET /static/admin/img/icon-clock.svg HTTP/1.1" 304 0
"GET /static/admin/img/icon-calendar.svg HTTP/1.1" 304 0
"POST /admin/accounts/user/1/change/ HTTP/1.1" 302 0
"GET /admin/accounts/user/ HTTP/1.1" 200 15258
"GET /admin/jsi18n/ HTTP/1.1" 200 8006
"GET /admin/courses/curso/ HTTP/1.1" 200 14274
"GET /admin/jsi18n/ HTTP/1.1" 200 8006
"GET /admin/courses/asistencia/ HTTP/1.1" 200 12766
"GET /admin/jsi18n/ HTTP/1.1" 200 8006
"GET /admin/courses/matricula/ HTTP/1.1" 200 12091
"GET /admin/jsi18n/ HTTP/1.1" 200 8006
"GET /admin/courses/matricula/add/ HTTP/1.1" 200 16198
"GET /admin/jsi18n/ HTTP/1.1" 200 8006
"GET /admin/courses/matricula/ HTTP/1.1" 200 12091
"GET /admin/jsi18n/ HTTP/1.1" 200 8006
"GET /admin/courses/ HTTP/1.1" 200 6780
"GET /static/admin/css/dashboard.css HTTP/1.1" 304 0
"GET /admin/courses/matricula/ HTTP/1.1" 200 12091
"GET /admin/courses/matricula/add/ HTTP/1.1" 200 16198
"GET /admin/courses/matricula/ HTTP/1.1" 200 12091
"GET /admin/courses/asistencia/ HTTP/1.1" 200 12766
"GET /admin/courses/curso/ HTTP/1.1" 200 14274
"GET /admin/accounts/user/ HTTP/1.1" 200 15029
"GET /admin/accounts/user/1/change/ HTTP/1.1" 200 30791
"GET /admin/accounts/user/ HTTP/1.1" 200 15029
"GET /admin/courses/curso/ HTTP/1.1" 200 14274
"GET /admin/accounts/docente/ HTTP/1.1" 200 13925
"GET /admin/jsi18n/ HTTP/1.1" 200 8006
"GET /admin/accounts/estudiante/ HTTP/1.1" 200 12590
"GET /admin/jsi18n/ HTTP/1.1" 200 8006
"GET /admin/accounts/estudiante/add/ HTTP/1.1" 200 18093
"GET /admin/jsi18n/ HTTP/1.1" 200 8006
"POST /admin/accounts/estudiante/add/ HTTP/1.1" 200 18279
"GET /admin/jsi18n/ HTTP/1.1" 200 8006
"POST /admin/accounts/estudiante/add/ HTTP/1.1" 302 0
"GET /admin/accounts/estudiante/ HTTP/1.1" 200 14803
"GET /admin/jsi18n/ HTTP/1.1" 200 8006
"GET /admin/accounts/estudiante/1/change/ HTTP/1.1" 200 18439
"GET /admin/jsi18n/ HTTP/1.1" 200 8006
"GET /admin/accounts/user/ HTTP/1.1" 200 15029
"GET /admin/jsi18n/ HTTP/1.1" 200 8006
"GET /admin/accounts/user/1/change/ HTTP/1.1" 200 30791
"GET /admin/jsi18n/ HTTP/1.1" 200 8006
"POST /admin/accounts/user/1/change/ HTTP/1.1" 302 0
"GET /admin/accounts/user/ HTTP/1.1" 200 15255
"GET /admin/jsi18n/ HTTP/1.1" 200 8006
"OPTIONS /api/v1/cursos/1/resumen-asistencia/ HTTP/1.1" 200 0
"GET /api/v1/cursos/1/resumen-asistencia/ HTTP/1.1" 200 2
"GET /api/v1/auth/mis-cursos/ HTTP/1.1" 200 588
"GET /api/v1/auth/mis-cursos/ HTTP/1.1" 200 588
"GET /api/v1/cursos/1/estudiantes/ HTTP/1.1" 200 2
"GET /api/v1/cursos/1/estudiantes/ HTTP/1.1" 200 2
"OPTIONS /api/v1/auth/login/ HTTP/1.1" 200 0
"POST /api/v1/auth/login/ HTTP/1.1" 200 718
"OPTIONS /api/v1/auth/mis-cursos/ HTTP/1.1" 200 0
"GET /api/v1/auth/mis-cursos/ HTTP/1.1" 200 2
"GET /api/v1/auth/mis-cursos/ HTTP/1.1" 200 2
"GET /admin/courses/matricula/ HTTP/1.1" 200 12090
"GET /admin/jsi18n/ HTTP/1.1" 200 8006
"GET /admin/courses/matricula/add/ HTTP/1.1" 200 16262
"GET /admin/jsi18n/ HTTP/1.1" 200 8006
"POST /admin/courses/matricula/add/ HTTP/1.1" 200 16413
"GET /admin/jsi18n/ HTTP/1.1" 200 8006
"POST /admin/courses/matricula/add/ HTTP/1.1" 302 0
"GET /admin/courses/matricula/ HTTP/1.1" 200 14427
"GET /admin/jsi18n/ HTTP/1.1" 200 8006
"GET /api/v1/auth/mis-cursos/ HTTP/1.1" 200 588
"GET /api/v1/auth/mis-cursos/ HTTP/1.1" 200 588
"OPTIONS /api/v1/cursos/1/centro-notas/ HTTP/1.1" 200 0
"OPTIONS /api/v1/cursos/1/resumen-asistencia/ HTTP/1.1" 200 0
"OPTIONS /api/v1/cursos/1/centro-notas/ HTTP/1.1" 200 0
"OPTIONS /api/v1/cursos/1/resumen-asistencia/ HTTP/1.1" 200 0
"GET /api/v1/cursos/1/resumen-asistencia/ HTTP/1.1" 200 96
"GET /api/v1/cursos/1/centro-notas/ HTTP/1.1" 200 95
"GET /api/v1/cursos/1/centro-notas/ HTTP/1.1" 200 95
"GET /api/v1/cursos/1/resumen-asistencia/ HTTP/1.1" 200 96
"OPTIONS /api/v1/cursos/1/actividades/ HTTP/1.1" 200 0
"OPTIONS /api/v1/cursos/actividades/plantillas/ HTTP/1.1" 200 0
"OPTIONS /api/v1/cursos/1/actividades/ HTTP/1.1" 200 0
"OPTIONS /api/v1/cursos/actividades/plantillas/ HTTP/1.1" 200 0
"GET /api/v1/cursos/1/actividades/ HTTP/1.1" 200 2
"GET /api/v1/cursos/actividades/plantillas/ HTTP/1.1" 200 2
"GET /api/v1/cursos/1/actividades/ HTTP/1.1" 200 2
"GET /api/v1/cursos/actividades/plantillas/ HTTP/1.1" 200 2
"POST /api/v1/cursos/1/actividades/ HTTP/1.1" 201 210
"GET /api/v1/cursos/1/actividades/ HTTP/1.1" 200 212
"GET /api/v1/cursos/actividades/plantillas/ HTTP/1.1" 200 2
"OPTIONS /api/v1/cursos/1/centro-notas/ HTTP/1.1" 200 0
"OPTIONS /api/v1/cursos/1/centro-notas/ HTTP/1.1" 200 0
"GET /api/v1/cursos/1/centro-notas/ HTTP/1.1" 200 313
"GET /api/v1/cursos/1/centro-notas/ HTTP/1.1" 200 313
"OPTIONS /api/v1/cursos/notas/ HTTP/1.1" 200 0
"POST /api/v1/cursos/notas/ HTTP/1.1" 200 214
"GET /api/v1/cursos/1/centro-notas/ HTTP/1.1" 200 313
"POST /api/v1/cursos/notas/ HTTP/1.1" 200 214
"GET /api/v1/cursos/1/centro-notas/ HTTP/1.1" 200 313
"GET /api/v1/cursos/1/estudiantes/ HTTP/1.1" 200 484
"GET /api/v1/cursos/1/estudiantes/ HTTP/1.1" 200 484
"OPTIONS /api/v1/cursos/1/asistencia/?fecha=2026-04-29 HTTP/1.1" 200 0
"GET /api/v1/cursos/1/asistencia/?fecha=2026-04-29 HTTP/1.1" 200 2
"GET /api/v1/cursos/1/centro-notas/ HTTP/1.1" 200 313
"GET /api/v1/cursos/1/centro-notas/ HTTP/1.1" 200 313
"GET /api/v1/cursos/actividades/plantillas/ HTTP/1.1" 200 2
"GET /api/v1/cursos/1/actividades/ HTTP/1.1" 200 212
"GET /api/v1/cursos/actividades/plantillas/ HTTP/1.1" 200 2
"GET /api/v1/cursos/1/actividades/ HTTP/1.1" 200 212
"GET /api/v1/cursos/1/centro-notas/ HTTP/1.1" 200 313
"GET /api/v1/cursos/1/centro-notas/ HTTP/1.1" 200 313
"POST /api/v1/cursos/notas/ HTTP/1.1" 200 215
"GET /api/v1/cursos/1/centro-notas/ HTTP/1.1" 200 314
"POST /api/v1/cursos/notas/ HTTP/1.1" 200 214
"GET /api/v1/cursos/1/centro-notas/ HTTP/1.1" 200 313
"GET /api/v1/cursos/1/actividades/ HTTP/1.1" 200 212
"GET /api/v1/cursos/actividades/plantillas/ HTTP/1.1" 200 2
"GET /api/v1/cursos/1/actividades/ HTTP/1.1" 200 212
"GET /api/v1/cursos/actividades/plantillas/ HTTP/1.1" 200 2
"GET /api/v1/cursos/1/estudiantes/ HTTP/1.1" 200 484
"GET /api/v1/cursos/1/estudiantes/ HTTP/1.1" 200 484
"GET /api/v1/cursos/1/asistencia/?fecha=2026-04-29 HTTP/1.1" 200 2
"GET /api/v1/cursos/1/resumen-asistencia/ HTTP/1.1" 200 96
"GET /api/v1/auth/mis-cursos/ HTTP/1.1" 200 588
"GET /api/v1/auth/mis-cursos/ HTTP/1.1" 200 588
"GET /api/v1/auth/mis-cursos/ HTTP/1.1" 200 588
"GET /api/v1/auth/mis-cursos/ HTTP/1.1" 200 588
"GET /api/v1/cursos/1/resumen-asistencia/ HTTP/1.1" 200 96
"GET /api/v1/cursos/1/centro-notas/ HTTP/1.1" 200 313
"GET /api/v1/cursos/1/resumen-asistencia/ HTTP/1.1" 200 96
"GET /api/v1/cursos/1/centro-notas/ HTTP/1.1" 200 313
"GET /api/v1/auth/mis-cursos/ HTTP/1.1" 200 588
"GET /api/v1/auth/mis-cursos/ HTTP/1.1" 200 588
"GET /api/v1/cursos/1/estudiantes/ HTTP/1.1" 200 484
"GET /api/v1/cursos/1/estudiantes/ HTTP/1.1" 200 484
"GET /api/v1/cursos/1/asistencia/?fecha=2026-04-29 HTTP/1.1" 200 2
"GET /api/v1/cursos/1/resumen-asistencia/ HTTP/1.1" 200 96
"GET /api/v1/cursos/actividades/plantillas/ HTTP/1.1" 200 2
"GET /api/v1/cursos/1/actividades/ HTTP/1.1" 200 212
"GET /api/v1/cursos/actividades/plantillas/ HTTP/1.1" 200 2
"GET /api/v1/cursos/1/actividades/ HTTP/1.1" 200 212
"GET /api/v1/cursos/1/estudiantes/ HTTP/1.1" 200 484
"GET /api/v1/cursos/1/estudiantes/ HTTP/1.1" 200 484
"GET /api/v1/cursos/1/asistencia/?fecha=2026-04-29 HTTP/1.1" 200 2
"GET /api/v1/cursos/1/resumen-asistencia/ HTTP/1.1" 200 96
"GET /api/v1/cursos/actividades/plantillas/ HTTP/1.1" 200 2
"GET /api/v1/cursos/1/actividades/ HTTP/1.1" 200 212
"GET /api/v1/cursos/actividades/plantillas/ HTTP/1.1" 200 2
"GET /api/v1/cursos/1/actividades/ HTTP/1.1" 200 212
"GET /api/v1/cursos/1/centro-notas/ HTTP/1.1" 200 313
"GET /api/v1/cursos/1/centro-notas/ HTTP/1.1" 200 313
"POST /api/v1/cursos/notas/ HTTP/1.1" 200 214
"GET /api/v1/cursos/1/centro-notas/ HTTP/1.1" 200 313
"POST /api/v1/cursos/notas/ HTTP/1.1" 200 214
"GET /api/v1/cursos/1/centro-notas/ HTTP/1.1" 200 313
"GET /api/v1/cursos/actividades/plantillas/ HTTP/1.1" 200 2
"GET /api/v1/cursos/1/actividades/ HTTP/1.1" 200 212
"GET /api/v1/cursos/actividades/plantillas/ HTTP/1.1" 200 2
"GET /api/v1/cursos/1/actividades/ HTTP/1.1" 200 212
"GET /api/v1/auth/mis-cursos/ HTTP/1.1" 200 588
"GET /api/v1/auth/mis-cursos/ HTTP/1.1" 200 588
"GET /api/v1/auth/mis-cursos/ HTTP/1.1" 200 588
"GET /api/v1/auth/mis-cursos/ HTTP/1.1" 200 588
"GET /api/v1/cursos/1/estudiantes/ HTTP/1.1" 200 484
"GET /api/v1/cursos/1/estudiantes/ HTTP/1.1" 200 484
"GET /api/v1/cursos/1/asistencia/?fecha=2026-04-29 HTTP/1.1" 200 2
"GET /api/v1/cursos/1/actividades/ HTTP/1.1" 200 212
"GET /api/v1/cursos/actividades/plantillas/ HTTP/1.1" 200 2
"GET /api/v1/cursos/actividades/plantillas/ HTTP/1.1" 200 2
"GET /api/v1/cursos/1/actividades/ HTTP/1.1" 200 212
"GET /api/v1/cursos/1/centro-notas/ HTTP/1.1" 200 313
"GET /api/v1/cursos/1/centro-notas/ HTTP/1.1" 200 313
"GET /api/v1/cursos/1/estudiantes/ HTTP/1.1" 200 484
"GET /api/v1/cursos/1/estudiantes/ HTTP/1.1" 200 484
"GET /api/v1/cursos/1/asistencia/?fecha=2026-04-29 HTTP/1.1" 200 2
"GET /api/v1/auth/mis-cursos/ HTTP/1.1" 200 588
"GET /api/v1/auth/mis-cursos/ HTTP/1.1" 200 588
"GET /admin/accounts/user/ HTTP/1.1" 200 15027
"GET /static/admin/css/base.css HTTP/1.1" 304 0
"GET /static/admin/css/dark_mode.css HTTP/1.1" 304 0
"GET /static/admin/css/nav_sidebar.css HTTP/1.1" 304 0
"GET /static/admin/css/changelists.css HTTP/1.1" 304 0
"GET /static/admin/js/jquery.init.js HTTP/1.1" 304 0
"GET /static/admin/js/core.js HTTP/1.1" 304 0
"GET /static/admin/css/responsive.css HTTP/1.1" 304 0
"GET /static/admin/js/admin/RelatedObjectLookups.js HTTP/1.1" 304 0
"GET /static/admin/js/vendor/jquery/jquery.js HTTP/1.1" 304 0
"GET /static/admin/js/actions.js HTTP/1.1" 304 0
"GET /static/admin/js/urlify.js HTTP/1.1" 304 0
"GET /static/admin/js/prepopulate.js HTTP/1.1" 304 0
"GET /static/admin/img/icon-yes.svg HTTP/1.1" 304 0
"GET /static/admin/js/vendor/xregexp/xregexp.js HTTP/1.1" 304 0
"GET /static/admin/img/search.svg HTTP/1.1" 304 0
"GET /admin/jsi18n/ HTTP/1.1" 200 8006
"GET /static/admin/js/theme.js HTTP/1.1" 304 0
"GET /static/admin/js/nav_sidebar.js HTTP/1.1" 304 0
"GET /static/admin/js/filters.js HTTP/1.1" 304 0
"GET /static/admin/img/tooltag-add.svg HTTP/1.1" 304 0
"GET /static/admin/img/icon-addlink.svg HTTP/1.1" 304 0
"GET /admin/accounts/user/add/ HTTP/1.1" 200 14548
"GET /static/admin/css/forms.css HTTP/1.1" 304 0
"GET /static/admin/js/prepopulate_init.js HTTP/1.1" 304 0
"GET /static/admin/css/widgets.css HTTP/1.1" 304 0
"GET /admin/jsi18n/ HTTP/1.1" 200 8006
"GET /static/admin/js/change_form.js HTTP/1.1" 304 0
"POST /admin/accounts/user/add/ HTTP/1.1" 302 0
"GET /admin/accounts/user/3/change/ HTTP/1.1" 200 30848
"GET /admin/jsi18n/ HTTP/1.1" 200 8006
"GET /static/admin/js/admin/DateTimeShortcuts.js HTTP/1.1" 304 0
"GET /static/admin/js/SelectFilter2.js HTTP/1.1" 304 0
"GET /static/admin/js/SelectBox.js HTTP/1.1" 304 0
"GET /static/admin/js/calendar.js HTTP/1.1" 304 0
"GET /static/admin/img/icon-unknown.svg HTTP/1.1" 304 0
"GET /static/admin/img/icon-unknown-alt.svg HTTP/1.1" 304 0
"GET /static/admin/img/selector-icons.svg HTTP/1.1" 304 0
"GET /static/admin/img/icon-clock.svg HTTP/1.1" 304 0
"GET /static/admin/img/icon-calendar.svg HTTP/1.1" 304 0
"POST /admin/accounts/user/3/change/ HTTP/1.1" 200 30758
"GET /admin/jsi18n/ HTTP/1.1" 200 8006
"POST /admin/accounts/user/3/change/ HTTP/1.1" 302 0
"GET /admin/accounts/user/ HTTP/1.1" 200 15636
"GET /admin/jsi18n/ HTTP/1.1" 200 8006
"GET /api/v1/auth/mis-cursos/ HTTP/1.1" 200 588
"GET /api/v1/auth/mis-cursos/ HTTP/1.1" 200 588
"POST /api/v1/auth/logout/ HTTP/1.1" 200 43
"POST /api/v1/auth/login/ HTTP/1.1" 200 693
"GET /api/v1/auth/estudiantes/ HTTP/1.1" 200 484
"GET /api/v1/auth/docentes/ HTTP/1.1" 200 376
"GET /api/v1/pagos/ HTTP/1.1" 200 2
"GET /api/v1/cursos/ HTTP/1.1" 200 588
"GET /api/v1/auth/estudiantes/ HTTP/1.1" 200 484
"GET /api/v1/auth/docentes/ HTTP/1.1" 200 376
"GET /api/v1/pagos/ HTTP/1.1" 200 2
"GET /api/v1/cursos/ HTTP/1.1" 200 588
"GET /api/v1/pagos/ HTTP/1.1" 200 2
"GET /api/v1/auth/estudiantes/ HTTP/1.1" 200 484
"GET /api/v1/pagos/ HTTP/1.1" 200 2
"GET /api/v1/auth/estudiantes/ HTTP/1.1" 200 484
Bad Request: /api/v1/pagos/
"POST /api/v1/pagos/ HTTP/1.1" 400 113
"POST /api/v1/pagos/ HTTP/1.1" 201 813
"GET /api/v1/auth/estudiantes/ HTTP/1.1" 200 484
"GET /api/v1/pagos/ HTTP/1.1" 200 815
"GET /api/v1/cursos/ HTTP/1.1" 200 588
"GET /api/v1/cursos/ HTTP/1.1" 200 588
"GET /api/v1/auth/estudiantes/ HTTP/1.1" 200 484
"GET /api/v1/pagos/ HTTP/1.1" 200 815
"GET /api/v1/auth/estudiantes/ HTTP/1.1" 200 484
"GET /api/v1/pagos/ HTTP/1.1" 200 815
"GET /api/v1/cursos/ HTTP/1.1" 200 588
"GET /api/v1/cursos/ HTTP/1.1" 200 588
"GET /api/v1/cursos/ HTTP/1.1" 200 588
"GET /api/v1/cursos/ HTTP/1.1" 200 588
"GET /api/v1/auth/docentes/ HTTP/1.1" 200 376
"GET /api/v1/auth/grados/ HTTP/1.1" 200 82
"GET /api/v1/cursos/ HTTP/1.1" 200 588
"GET /api/v1/auth/docentes/ HTTP/1.1" 200 376
"GET /api/v1/auth/grados/ HTTP/1.1" 200 82
"GET /api/v1/cursos/ HTTP/1.1" 200 588
"GET /api/v1/auth/docentes/ HTTP/1.1" 200 376
"GET /api/v1/auth/docentes/ HTTP/1.1" 200 376
"GET /api/v1/auth/estudiantes/ HTTP/1.1" 200 484
"GET /api/v1/auth/grados/ HTTP/1.1" 200 82
"GET /api/v1/auth/estudiantes/ HTTP/1.1" 200 484
"GET /api/v1/auth/grados/ HTTP/1.1" 200 82
"GET /api/v1/auth/docentes/ HTTP/1.1" 200 376
"GET /api/v1/auth/docentes/ HTTP/1.1" 200 376
"GET /api/v1/auth/estudiantes/ HTTP/1.1" 200 484
"GET /api/v1/cursos/ HTTP/1.1" 200 588
"GET /api/v1/auth/docentes/ HTTP/1.1" 200 376
"GET /api/v1/auth/estudiantes/ HTTP/1.1" 200 484
"GET /api/v1/pagos/ HTTP/1.1" 200 815
"GET /api/v1/cursos/ HTTP/1.1" 200 588
"GET /api/v1/auth/docentes/ HTTP/1.1" 200 376
"GET /api/v1/pagos/ HTTP/1.1" 200 815
"GET /api/v1/auth/grados/ HTTP/1.1" 200 82
"GET /api/v1/auth/estudiantes/ HTTP/1.1" 200 484
"GET /api/v1/auth/grados/ HTTP/1.1" 200 82
"GET /api/v1/auth/estudiantes/ HTTP/1.1" 200 484
"GET /api/v1/auth/docentes/ HTTP/1.1" 200 376
"GET /api/v1/auth/docentes/ HTTP/1.1" 200 376
"GET /api/v1/auth/docentes/ HTTP/1.1" 200 376
"GET /api/v1/cursos/ HTTP/1.1" 200 588
"GET /api/v1/pagos/ HTTP/1.1" 200 815
"GET /api/v1/auth/estudiantes/ HTTP/1.1" 200 484
"GET /api/v1/auth/docentes/ HTTP/1.1" 200 376
"GET /api/v1/cursos/ HTTP/1.1" 200 588
"GET /api/v1/pagos/ HTTP/1.1" 200 815
"GET /api/v1/auth/estudiantes/ HTTP/1.1" 200 484
"GET /admin/ HTTP/1.1" 200 14653
"GET /static/admin/css/dashboard.css HTTP/1.1" 304 0
"GET /static/admin/img/icon-changelink.svg HTTP/1.1" 304 0
Watching for file changes with StatReloader
"GET /admin/accounts/grado/ HTTP/1.1" 200 13959
"GET /admin/jsi18n/ HTTP/1.1" 200 8006
"GET /admin/auth/group/ HTTP/1.1" 200 11709
"GET /admin/jsi18n/ HTTP/1.1" 200 8006
"GET /admin/courses/actividad/ HTTP/1.1" 200 14875
"GET /admin/jsi18n/ HTTP/1.1" 200 8006
"GET /static/admin/img/icon-no.svg HTTP/1.1" 200 560
"GET /admin/courses/asistencia/ HTTP/1.1" 200 12765
"GET /admin/jsi18n/ HTTP/1.1" 200 8006
"GET /admin/courses/calificacion/ HTTP/1.1" 200 13385
"GET /admin/jsi18n/ HTTP/1.1" 200 8006
"GET /admin/courses/curso/ HTTP/1.1" 200 14273
"GET /admin/jsi18n/ HTTP/1.1" 200 8006
"GET /admin/courses/matricula/ HTTP/1.1" 200 14162
"GET /admin/jsi18n/ HTTP/1.1" 200 8006
"GET /admin/courses/curso/ HTTP/1.1" 200 14273
"GET /admin/jsi18n/ HTTP/1.1" 200 8006
"GET /admin/courses/matricula/ HTTP/1.1" 200 14162
"GET /admin/jsi18n/ HTTP/1.1" 200 8006
"GET /admin/courses/matricula/?estado__exact=activo HTTP/1.1" 200 14533
"GET /static/admin/css/base.css HTTP/1.1" 304 0
"GET /static/admin/css/nav_sidebar.css HTTP/1.1" 304 0
"GET /static/admin/css/dark_mode.css HTTP/1.1" 304 0
"GET /static/admin/css/changelists.css HTTP/1.1" 304 0
"GET /static/admin/js/core.js HTTP/1.1" 304 0
"GET /static/admin/js/admin/RelatedObjectLookups.js HTTP/1.1" 304 0
"GET /static/admin/js/vendor/jquery/jquery.js HTTP/1.1" 304 0
"GET /static/admin/css/responsive.css HTTP/1.1" 304 0
"GET /static/admin/js/jquery.init.js HTTP/1.1" 304 0
"GET /static/admin/js/actions.js HTTP/1.1" 304 0
"GET /static/admin/js/prepopulate.js HTTP/1.1" 304 0
"GET /admin/jsi18n/ HTTP/1.1" 200 8006
"GET /static/admin/js/urlify.js HTTP/1.1" 304 0
"GET /static/admin/js/vendor/xregexp/xregexp.js HTTP/1.1" 304 0
"GET /static/admin/js/theme.js HTTP/1.1" 304 0
"GET /static/admin/js/nav_sidebar.js HTTP/1.1" 304 0
"GET /static/admin/js/filters.js HTTP/1.1" 304 0
"GET /admin/courses/matricula/?estado__exact=activo HTTP/1.1" 200 14533
"GET /admin/jsi18n/ HTTP/1.1" 200 8006
"GET /admin/courses/matricula/? HTTP/1.1" 200 14162
"GET /admin/jsi18n/ HTTP/1.1" 200 8006
"GET /api/v1/auth/mis-cursos/ HTTP/1.1" 200 588
"GET /api/v1/auth/mis-cursos/ HTTP/1.1" 200 588
"GET /api/v1/cursos/1/estudiantes/ HTTP/1.1" 200 484
"GET /api/v1/cursos/1/estudiantes/ HTTP/1.1" 200 484
"GET /api/v1/cursos/1/asistencia/?fecha=2026-04-29 HTTP/1.1" 200 2
"GET /api/v1/cursos/actividades/plantillas/ HTTP/1.1" 200 2
"GET /api/v1/cursos/1/actividades/ HTTP/1.1" 200 212
"GET /api/v1/cursos/actividades/plantillas/ HTTP/1.1" 200 2
"GET /api/v1/cursos/1/actividades/ HTTP/1.1" 200 212
"GET /api/v1/cursos/1/centro-notas/ HTTP/1.1" 200 313
"GET /api/v1/cursos/1/centro-notas/ HTTP/1.1" 200 313
"GET /api/v1/cursos/1/estudiantes/ HTTP/1.1" 200 484
"GET /api/v1/cursos/1/estudiantes/ HTTP/1.1" 200 484
"GET /api/v1/cursos/1/asistencia/?fecha=2026-04-29 HTTP/1.1" 200 2
"OPTIONS /api/v1/cursos/1/asistencia/bulk/ HTTP/1.1" 200 0
"POST /api/v1/cursos/1/asistencia/bulk/ HTTP/1.1" 200 199
"GET /api/v1/cursos/1/resumen-asistencia/ HTTP/1.1" 200 96
"GET /api/v1/cursos/1/resumen-asistencia/ HTTP/1.1" 200 96
"POST /api/v1/cursos/1/asistencia/bulk/ HTTP/1.1" 200 199
"GET /api/v1/cursos/1/resumen-asistencia/ HTTP/1.1" 200 96
"POST /api/v1/cursos/1/asistencia/bulk/ HTTP/1.1" 200 199
"GET /api/v1/cursos/1/resumen-asistencia/ HTTP/1.1" 200 96
"GET /api/v1/auth/mis-cursos/ HTTP/1.1" 200 588
"GET /api/v1/auth/mis-cursos/ HTTP/1.1" 200 588
"GET /api/v1/auth/mis-cursos/ HTTP/1.1" 200 588
"GET /api/v1/auth/mis-cursos/ HTTP/1.1" 200 588
"GET /api/v1/cursos/1/estudiantes/ HTTP/1.1" 200 484
"GET /api/v1/cursos/1/estudiantes/ HTTP/1.1" 200 484
"GET /api/v1/cursos/1/asistencia/?fecha=2026-04-29 HTTP/1.1" 200 199
"GET /api/v1/cursos/actividades/plantillas/ HTTP/1.1" 200 2
"GET /api/v1/cursos/1/actividades/ HTTP/1.1" 200 212
"GET /api/v1/cursos/actividades/plantillas/ HTTP/1.1" 200 2
"GET /api/v1/cursos/1/actividades/ HTTP/1.1" 200 212
"GET /api/v1/cursos/1/centro-notas/ HTTP/1.1" 200 313
"GET /api/v1/cursos/1/centro-notas/ HTTP/1.1" 200 313
"GET /api/v1/cursos/1/estudiantes/ HTTP/1.1" 200 484
"GET /api/v1/cursos/1/estudiantes/ HTTP/1.1" 200 484
"GET /api/v1/cursos/1/asistencia/?fecha=2026-04-29 HTTP/1.1" 200 199
"GET /api/v1/auth/mis-cursos/ HTTP/1.1" 200 588
"GET /api/v1/auth/mis-cursos/ HTTP/1.1" 200 588
"GET /api/v1/auth/mis-cursos/ HTTP/1.1" 200 588
"GET /api/v1/auth/mis-cursos/ HTTP/1.1" 200 588
"GET /api/v1/cursos/1/estudiantes/ HTTP/1.1" 200 484
"GET /api/v1/cursos/1/estudiantes/ HTTP/1.1" 200 484
"GET /api/v1/cursos/1/asistencia/?fecha=2026-04-29 HTTP/1.1" 200 199
"POST /api/v1/cursos/1/asistencia/bulk/ HTTP/1.1" 200 199
"GET /api/v1/cursos/1/resumen-asistencia/ HTTP/1.1" 200 96
"GET /api/v1/cursos/1/actividades/ HTTP/1.1" 200 212
"GET /api/v1/cursos/actividades/plantillas/ HTTP/1.1" 200 2
"GET /api/v1/cursos/actividades/plantillas/ HTTP/1.1" 200 2
"GET /api/v1/cursos/1/actividades/ HTTP/1.1" 200 212
"GET /api/v1/cursos/1/centro-notas/ HTTP/1.1" 200 313
"GET /api/v1/cursos/1/centro-notas/ HTTP/1.1" 200 313
"GET /api/v1/cursos/1/estudiantes/ HTTP/1.1" 200 484
"GET /api/v1/cursos/1/estudiantes/ HTTP/1.1" 200 484
"GET /api/v1/cursos/1/asistencia/?fecha=2026-04-29 HTTP/1.1" 200 199
"GET /api/v1/cursos/1/resumen-asistencia/ HTTP/1.1" 200 96
"GET /api/v1/auth/mis-cursos/ HTTP/1.1" 200 588
"GET /api/v1/auth/mis-cursos/ HTTP/1.1" 200 588
"GET /api/v1/auth/mis-cursos/ HTTP/1.1" 200 588
"GET /api/v1/auth/mis-cursos/ HTTP/1.1" 200 588
"GET /api/v1/cursos/1/estudiantes/ HTTP/1.1" 200 484
"GET /api/v1/cursos/1/estudiantes/ HTTP/1.1" 200 484
"GET /api/v1/cursos/1/asistencia/?fecha=2026-04-29 HTTP/1.1" 200 199
"GET /api/v1/cursos/1/centro-notas/ HTTP/1.1" 200 313
"GET /api/v1/cursos/1/centro-notas/ HTTP/1.1" 200 313
"GET /api/v1/cursos/1/estudiantes/ HTTP/1.1" 200 484
"GET /api/v1/cursos/1/estudiantes/ HTTP/1.1" 200 484
"GET /api/v1/cursos/1/asistencia/?fecha=2026-04-29 HTTP/1.1" 200 199
"GET /api/v1/auth/mis-cursos/ HTTP/1.1" 200 588
"GET /api/v1/auth/mis-cursos/ HTTP/1.1" 200 588
"GET /api/v1/auth/mis-cursos/ HTTP/1.1" 200 588
"GET /api/v1/auth/mis-cursos/ HTTP/1.1" 200 588
"GET /api/v1/cursos/1/estudiantes/ HTTP/1.1" 200 484
"GET /api/v1/cursos/1/estudiantes/ HTTP/1.1" 200 484
"GET /api/v1/cursos/1/asistencia/?fecha=2026-04-29 HTTP/1.1" 200 199
"GET /api/v1/cursos/1/resumen-asistencia/ HTTP/1.1" 200 96
"GET /api/v1/cursos/1/actividades/ HTTP/1.1" 200 212
"GET /api/v1/cursos/actividades/plantillas/ HTTP/1.1" 200 2
"GET /api/v1/cursos/actividades/plantillas/ HTTP/1.1" 200 2
"GET /api/v1/cursos/1/actividades/ HTTP/1.1" 200 212
"GET /api/v1/cursos/1/centro-notas/ HTTP/1.1" 200 313
"GET /api/v1/cursos/1/centro-notas/ HTTP/1.1" 200 313
"GET /api/v1/cursos/1/estudiantes/ HTTP/1.1" 200 484
"GET /api/v1/cursos/1/estudiantes/ HTTP/1.1" 200 484
"GET /api/v1/cursos/1/asistencia/?fecha=2026-04-29 HTTP/1.1" 200 199
"GET /api/v1/auth/mis-cursos/ HTTP/1.1" 200 588
"GET /api/v1/auth/mis-cursos/ HTTP/1.1" 200 588
"GET /api/v1/auth/estudiantes/ HTTP/1.1" 200 484
"GET /api/v1/pagos/ HTTP/1.1" 200 815
"GET /api/v1/auth/estudiantes/ HTTP/1.1" 200 484
"GET /api/v1/pagos/ HTTP/1.1" 200 815
"GET /api/v1/cursos/ HTTP/1.1" 200 588
"GET /api/v1/cursos/ HTTP/1.1" 200 588
"GET /api/v1/auth/estudiantes/ HTTP/1.1" 200 484
"GET /api/v1/pagos/ HTTP/1.1" 200 815
"GET /api/v1/auth/estudiantes/ HTTP/1.1" 200 484
"GET /api/v1/pagos/ HTTP/1.1" 200 815
"GET /admin/payments/pago/ HTTP/1.1" 200 15372
"GET /static/admin/img/search.svg HTTP/1.1" 304 0
"GET /admin/jsi18n/ HTTP/1.1" 200 8006
"GET /static/admin/img/icon-addlink.svg HTTP/1.1" 304 0
"GET /static/admin/img/tooltag-add.svg HTTP/1.1" 304 0
"GET /static/admin/img/sorting-icons.svg HTTP/1.1" 304 0
"GET /api/v1/auth/estudiantes/ HTTP/1.1" 200 484
"GET /api/v1/auth/grados/ HTTP/1.1" 200 82
"GET /api/v1/auth/estudiantes/ HTTP/1.1" 200 484
"GET /api/v1/auth/grados/ HTTP/1.1" 200 82
"GET /api/v1/auth/docentes/ HTTP/1.1" 200 376
"GET /api/v1/auth/docentes/ HTTP/1.1" 200 376
"GET /api/v1/auth/docentes/ HTTP/1.1" 200 376
"GET /api/v1/auth/estudiantes/ HTTP/1.1" 200 484
"GET /api/v1/pagos/ HTTP/1.1" 200 815
"GET /api/v1/cursos/ HTTP/1.1" 200 588
"GET /api/v1/auth/docentes/ HTTP/1.1" 200 376
"GET /api/v1/auth/estudiantes/ HTTP/1.1" 200 484
"GET /api/v1/pagos/ HTTP/1.1" 200 815
"GET /api/v1/cursos/ HTTP/1.1" 200 588
"GET /api/v1/cursos/ HTTP/1.1" 200 588
"GET /api/v1/cursos/ HTTP/1.1" 200 588
"GET /api/v1/cursos/1/resumen-asistencia/ HTTP/1.1" 200 96
"GET /api/v1/auth/grados/ HTTP/1.1" 200 82
"GET /api/v1/auth/docentes/ HTTP/1.1" 200 376
"GET /api/v1/cursos/ HTTP/1.1" 200 588
"GET /api/v1/auth/grados/ HTTP/1.1" 200 82
"GET /api/v1/auth/docentes/ HTTP/1.1" 200 376
"GET /api/v1/cursos/ HTTP/1.1" 200 588
"GET /api/v1/cursos/ HTTP/1.1" 200 588
"GET /api/v1/cursos/ HTTP/1.1" 200 588
"GET /api/v1/cursos/ HTTP/1.1" 200 588
"GET /api/v1/cursos/ HTTP/1.1" 200 588
"GET /api/v1/auth/grados/ HTTP/1.1" 200 82
"GET /api/v1/auth/docentes/ HTTP/1.1" 200 376
"GET /api/v1/cursos/ HTTP/1.1" 200 588
"GET /api/v1/auth/grados/ HTTP/1.1" 200 82
"GET /api/v1/auth/docentes/ HTTP/1.1" 200 376
"GET /api/v1/cursos/ HTTP/1.1" 200 588
"GET /api/v1/cursos/ HTTP/1.1" 200 588
"GET /api/v1/cursos/ HTTP/1.1" 200 588
"GET /api/v1/cursos/1/centro-notas/ HTTP/1.1" 200 313
"GET /api/v1/auth/docentes/ HTTP/1.1" 200 376
"GET /api/v1/auth/docentes/ HTTP/1.1" 200 376
"GET /api/v1/auth/estudiantes/ HTTP/1.1" 200 484
"GET /api/v1/auth/grados/ HTTP/1.1" 200 82
"GET /api/v1/auth/estudiantes/ HTTP/1.1" 200 484
"GET /api/v1/auth/grados/ HTTP/1.1" 200 82
"GET /api/v1/auth/estudiantes/ HTTP/1.1" 200 484
"GET /api/v1/auth/docentes/ HTTP/1.1" 200 376
"GET /api/v1/pagos/ HTTP/1.1" 200 815
"GET /api/v1/cursos/ HTTP/1.1" 200 588
"GET /api/v1/auth/docentes/ HTTP/1.1" 200 376
"GET /api/v1/auth/estudiantes/ HTTP/1.1" 200 484
"GET /api/v1/pagos/ HTTP/1.1" 200 815
"GET /api/v1/cursos/ HTTP/1.1" 200 588
"GET /api/v1/auth/docentes/ HTTP/1.1" 200 376
"GET /api/v1/auth/docentes/ HTTP/1.1" 200 376
"GET /api/v1/auth/docentes/ HTTP/1.1" 200 376
"GET /api/v1/pagos/ HTTP/1.1" 200 815
"GET /api/v1/auth/estudiantes/ HTTP/1.1" 200 484
"GET /api/v1/auth/docentes/ HTTP/1.1" 200 376
"GET /api/v1/cursos/ HTTP/1.1" 200 588
"GET /api/v1/auth/estudiantes/ HTTP/1.1" 200 484
"GET /api/v1/pagos/ HTTP/1.1" 200 815
"GET /api/v1/cursos/ HTTP/1.1" 200 588
"GET /api/v1/auth/grados/ HTTP/1.1" 200 82
"GET /api/v1/auth/estudiantes/ HTTP/1.1" 200 484
"GET /api/v1/auth/estudiantes/ HTTP/1.1" 200 484
"GET /api/v1/auth/grados/ HTTP/1.1" 200 82
"GET /api/v1/auth/docentes/ HTTP/1.1" 200 376
"GET /api/v1/auth/docentes/ HTTP/1.1" 200 376
"GET /api/v1/auth/docentes/ HTTP/1.1" 200 376
"GET /api/v1/auth/estudiantes/ HTTP/1.1" 200 484
"GET /api/v1/pagos/ HTTP/1.1" 200 815
"GET /api/v1/cursos/ HTTP/1.1" 200 588
"GET /api/v1/auth/docentes/ HTTP/1.1" 200 376
"GET /api/v1/pagos/ HTTP/1.1" 200 815
"GET /api/v1/auth/estudiantes/ HTTP/1.1" 200 484
"GET /api/v1/cursos/ HTTP/1.1" 200 588
"GET /api/v1/auth/estudiantes/ HTTP/1.1" 200 484
"GET /api/v1/auth/grados/ HTTP/1.1" 200 82
"GET /api/v1/auth/estudiantes/ HTTP/1.1" 200 484
"GET /api/v1/auth/grados/ HTTP/1.1" 200 82
"GET /api/v1/cursos/ HTTP/1.1" 200 588
"GET /api/v1/cursos/ HTTP/1.1" 200 588
"GET /api/v1/cursos/1/centro-notas/ HTTP/1.1" 200 313
"GET /admin/accounts/user/ HTTP/1.1" 200 15433
"GET /static/admin/css/base.css HTTP/1.1" 304 0
"GET /static/admin/css/dark_mode.css HTTP/1.1" 304 0
"GET /static/admin/css/nav_sidebar.css HTTP/1.1" 304 0
"GET /static/admin/css/changelists.css HTTP/1.1" 304 0
"GET /static/admin/js/core.js HTTP/1.1" 304 0
"GET /static/admin/js/admin/RelatedObjectLookups.js HTTP/1.1" 304 0
"GET /static/admin/js/vendor/jquery/jquery.js HTTP/1.1" 304 0
"GET /static/admin/js/jquery.init.js HTTP/1.1" 304 0
"GET /static/admin/css/responsive.css HTTP/1.1" 304 0
"GET /static/admin/js/actions.js HTTP/1.1" 304 0
"GET /static/admin/js/urlify.js HTTP/1.1" 304 0
"GET /static/admin/js/vendor/xregexp/xregexp.js HTTP/1.1" 304 0
"GET /static/admin/js/prepopulate.js HTTP/1.1" 304 0
"GET /static/admin/img/icon-yes.svg HTTP/1.1" 304 0
"GET /admin/jsi18n/ HTTP/1.1" 200 8006
"GET /static/admin/js/theme.js HTTP/1.1" 304 0
"GET /static/admin/js/nav_sidebar.js HTTP/1.1" 304 0
"GET /static/admin/js/filters.js HTTP/1.1" 304 0
"GET /admin/accounts/user/add/ HTTP/1.1" 200 14548
"GET /static/admin/css/forms.css HTTP/1.1" 304 0
"GET /static/admin/js/prepopulate_init.js HTTP/1.1" 304 0
"GET /static/admin/css/widgets.css HTTP/1.1" 304 0
"GET /admin/jsi18n/ HTTP/1.1" 200 8006
"GET /static/admin/js/change_form.js HTTP/1.1" 304 0
"POST /admin/accounts/user/add/ HTTP/1.1" 302 0
"GET /admin/accounts/user/4/change/ HTTP/1.1" 200 30847
"GET /admin/jsi18n/ HTTP/1.1" 200 8006
"GET /static/admin/js/calendar.js HTTP/1.1" 304 0
"GET /static/admin/js/SelectBox.js HTTP/1.1" 304 0
"GET /static/admin/js/admin/DateTimeShortcuts.js HTTP/1.1" 304 0
"GET /static/admin/js/SelectFilter2.js HTTP/1.1" 304 0
"GET /static/admin/img/selector-icons.svg HTTP/1.1" 304 0
"GET /static/admin/img/icon-unknown.svg HTTP/1.1" 304 0
"GET /static/admin/img/icon-calendar.svg HTTP/1.1" 304 0
"GET /static/admin/img/icon-clock.svg HTTP/1.1" 304 0
"GET /static/admin/img/icon-unknown-alt.svg HTTP/1.1" 304 0
"POST /admin/accounts/user/4/change/ HTTP/1.1" 200 30909
"GET /admin/jsi18n/ HTTP/1.1" 200 8006
"POST /admin/accounts/user/4/change/ HTTP/1.1" 302 0
"GET /admin/accounts/user/ HTTP/1.1" 200 16096
"GET /admin/jsi18n/ HTTP/1.1" 200 8006
"GET /admin/accounts/estudiante/ HTTP/1.1" 200 14561
"GET /admin/jsi18n/ HTTP/1.1" 200 8006
"GET /admin/accounts/estudiante/add/ HTTP/1.1" 200 18205
"GET /static/admin/img/icon-changelink.svg HTTP/1.1" 304 0
"GET /static/admin/img/icon-viewlink.svg HTTP/1.1" 304 0
"GET /admin/jsi18n/ HTTP/1.1" 200 8006
"GET /static/admin/img/icon-deletelink.svg HTTP/1.1" 304 0
"POST /admin/accounts/estudiante/add/ HTTP/1.1" 200 18407
"GET /admin/jsi18n/ HTTP/1.1" 200 8006
"POST /admin/accounts/estudiante/add/ HTTP/1.1" 302 0
"GET /admin/accounts/estudiante/ HTTP/1.1" 200 15216
"GET /admin/jsi18n/ HTTP/1.1" 200 8006
"GET /admin/courses/matricula/ HTTP/1.1" 200 14162
"GET /admin/jsi18n/ HTTP/1.1" 200 8006
"GET /admin/courses/matricula/add/ HTTP/1.1" 200 16330
"GET /admin/jsi18n/ HTTP/1.1" 200 8006
"POST /admin/courses/matricula/add/ HTTP/1.1" 302 0
"GET /admin/courses/matricula/ HTTP/1.1" 200 14884
"GET /admin/jsi18n/ HTTP/1.1" 200 8006
"GET /admin/accounts/user/ HTTP/1.1" 200 15865
"GET /static/admin/img/search.svg HTTP/1.1" 304 0
"GET /admin/jsi18n/ HTTP/1.1" 200 8006
"GET /admin/accounts/user/4/change/ HTTP/1.1" 200 30743
"GET /static/admin/img/icon-addlink.svg HTTP/1.1" 304 0
"GET /admin/jsi18n/ HTTP/1.1" 200 8006
"GET /admin/accounts/user/ HTTP/1.1" 200 15865
"GET /admin/jsi18n/ HTTP/1.1" 200 8006
"GET /api/v1/cursos/ HTTP/1.1" 200 588
"GET /api/v1/cursos/ HTTP/1.1" 200 588
"OPTIONS /api/v1/auth/logout/ HTTP/1.1" 200 0
"POST /api/v1/auth/logout/ HTTP/1.1" 200 43
"POST /api/v1/auth/login/ HTTP/1.1" 200 718
"GET /api/v1/auth/mis-cursos/ HTTP/1.1" 200 588
"GET /api/v1/auth/mis-cursos/ HTTP/1.1" 200 588
"POST /api/v1/auth/logout/ HTTP/1.1" 200 43
"POST /api/v1/auth/login/ HTTP/1.1" 200 718
"GET /api/v1/auth/mis-cursos/ HTTP/1.1" 200 588
"GET /api/v1/auth/mis-cursos/ HTTP/1.1" 200 588
"OPTIONS /api/v1/auth/login/ HTTP/1.1" 200 0
"OPTIONS /api/v1/auth/login/ HTTP/1.1" 200 0
- Broken pipe from ('127.0.0.1', 16348)
"GET /admin/courses/matricula/ HTTP/1.1" 200 14616
"GET /static/admin/css/base.css HTTP/1.1" 304 0
"GET /static/admin/css/dark_mode.css HTTP/1.1" 304 0
"GET /static/admin/css/nav_sidebar.css HTTP/1.1" 304 0
"GET /static/admin/css/changelists.css HTTP/1.1" 304 0
"GET /static/admin/js/core.js HTTP/1.1" 304 0
"GET /static/admin/js/admin/RelatedObjectLookups.js HTTP/1.1" 304 0
"GET /static/admin/js/vendor/jquery/jquery.js HTTP/1.1" 304 0
"GET /static/admin/js/jquery.init.js HTTP/1.1" 304 0
"GET /static/admin/js/actions.js HTTP/1.1" 304 0
"GET /static/admin/css/responsive.css HTTP/1.1" 304 0
"GET /static/admin/js/urlify.js HTTP/1.1" 304 0
"GET /static/admin/js/vendor/xregexp/xregexp.js HTTP/1.1" 304 0
"GET /admin/jsi18n/ HTTP/1.1" 200 8006
"GET /static/admin/js/prepopulate.js HTTP/1.1" 304 0
"GET /static/admin/js/theme.js HTTP/1.1" 304 0
"GET /static/admin/js/nav_sidebar.js HTTP/1.1" 304 0
"GET /static/admin/js/filters.js HTTP/1.1" 304 0
"GET /static/admin/img/tooltag-add.svg HTTP/1.1" 304 0
"GET /admin/courses/curso/ HTTP/1.1" 200 14273
"GET /static/admin/img/icon-yes.svg HTTP/1.1" 304 0
"GET /admin/jsi18n/ HTTP/1.1" 200 8006
"GET /admin/accounts/user/ HTTP/1.1" 200 15865
"GET /admin/jsi18n/ HTTP/1.1" 200 8006
Watching for file changes with StatReloader
Bad Request: /api/v1/auth/login/
"POST /api/v1/auth/login/ HTTP/1.1" 400 49
"POST /api/v1/auth/login/ HTTP/1.1" 200 718
"GET /api/v1/auth/mis-cursos/ HTTP/1.1" 200 588
"GET /api/v1/auth/mis-cursos/ HTTP/1.1" 200 588
"POST /api/v1/auth/logout/ HTTP/1.1" 200 43
"POST /api/v1/auth/login/ HTTP/1.1" 200 718
"GET /api/v1/auth/mis-cursos/ HTTP/1.1" 200 588
"GET /api/v1/auth/mis-cursos/ HTTP/1.1" 200 588
"GET /api/v1/cursos/1/centro-notas/ HTTP/1.1" 200 316
"GET /api/v1/cursos/1/resumen-asistencia/ HTTP/1.1" 200 99
"GET /api/v1/cursos/1/centro-notas/ HTTP/1.1" 200 316
"GET /api/v1/cursos/1/resumen-asistencia/ HTTP/1.1" 200 99
"GET /api/v1/auth/mis-cursos/ HTTP/1.1" 200 588
"GET /api/v1/auth/mis-cursos/ HTTP/1.1" 200 588
"GET /api/v1/cursos/1/estudiantes/ HTTP/1.1" 200 967
"GET /api/v1/cursos/1/estudiantes/ HTTP/1.1" 200 967
"GET /api/v1/cursos/1/asistencia/?fecha=2026-04-29 HTTP/1.1" 200 199
Watching for file changes with StatReloader
"OPTIONS /api/v1/auth/docentes/ HTTP/1.1" 200 0
"OPTIONS /api/v1/cursos/ HTTP/1.1" 200 0
"OPTIONS /api/v1/auth/estudiantes/ HTTP/1.1" 200 0
"OPTIONS /api/v1/pagos/ HTTP/1.1" 200 0
"OPTIONS /api/v1/auth/estudiantes/ HTTP/1.1" 200 0
"OPTIONS /api/v1/pagos/ HTTP/1.1" 200 0
"OPTIONS /api/v1/auth/docentes/ HTTP/1.1" 200 0
"OPTIONS /api/v1/cursos/ HTTP/1.1" 200 0
Unauthorized: /api/v1/cursos/
Unauthorized: /api/v1/auth/estudiantes/
Unauthorized: /api/v1/pagos/
Unauthorized: /api/v1/auth/docentes/
"GET /api/v1/cursos/ HTTP/1.1" 401 203
"GET /api/v1/auth/estudiantes/ HTTP/1.1" 401 203
"GET /api/v1/pagos/ HTTP/1.1" 401 203
"GET /api/v1/auth/docentes/ HTTP/1.1" 401 203
Unauthorized: /api/v1/cursos/
Unauthorized: /api/v1/auth/estudiantes/
Unauthorized: /api/v1/pagos/
Unauthorized: /api/v1/auth/docentes/
"OPTIONS /api/v1/auth/refresh/ HTTP/1.1" 200 0
"OPTIONS /api/v1/auth/refresh/ HTTP/1.1" 200 0
"GET /api/v1/cursos/ HTTP/1.1" 401 203
"GET /api/v1/auth/estudiantes/ HTTP/1.1" 401 203
"GET /api/v1/pagos/ HTTP/1.1" 401 203
"GET /api/v1/auth/docentes/ HTTP/1.1" 401 203
"OPTIONS /api/v1/auth/refresh/ HTTP/1.1" 200 0
"OPTIONS /api/v1/auth/refresh/ HTTP/1.1" 200 0
"POST /api/v1/auth/refresh/ HTTP/1.1" 200 241
"POST /api/v1/auth/refresh/ HTTP/1.1" 200 241
"POST /api/v1/auth/refresh/ HTTP/1.1" 200 241
"POST /api/v1/auth/refresh/ HTTP/1.1" 200 241
"POST /api/v1/auth/refresh/ HTTP/1.1" 200 241
"POST /api/v1/auth/refresh/ HTTP/1.1" 200 241
"POST /api/v1/auth/refresh/ HTTP/1.1" 200 241
"POST /api/v1/auth/refresh/ HTTP/1.1" 200 241
"GET /api/v1/auth/docentes/ HTTP/1.1" 200 376
"GET /api/v1/cursos/ HTTP/1.1" 200 588
"GET /api/v1/auth/estudiantes/ HTTP/1.1" 200 967
"GET /api/v1/pagos/ HTTP/1.1" 200 815
"GET /api/v1/auth/estudiantes/ HTTP/1.1" 200 967
"GET /api/v1/auth/docentes/ HTTP/1.1" 200 376
"GET /api/v1/cursos/ HTTP/1.1" 200 588
"GET /api/v1/pagos/ HTTP/1.1" 200 815
"OPTIONS /api/v1/auth/logout/ HTTP/1.1" 200 0
"POST /api/v1/auth/logout/ HTTP/1.1" 200 43
"OPTIONS /api/v1/auth/login/ HTTP/1.1" 200 0
"POST /api/v1/auth/login/ HTTP/1.1" 200 712
"OPTIONS /api/v1/auth/mis-cursos/ HTTP/1.1" 200 0
"OPTIONS /api/v1/auth/mis-cursos/ HTTP/1.1" 200 0
"GET /api/v1/auth/mis-cursos/ HTTP/1.1" 200 588
"GET /api/v1/auth/mis-cursos/ HTTP/1.1" 200 588
"GET /api/v1/auth/mis-cursos/ HTTP/1.1" 200 588
"GET /api/v1/auth/mis-cursos/ HTTP/1.1" 200 588
"OPTIONS /api/v1/cursos/1/estudiantes/ HTTP/1.1" 200 0
"OPTIONS /api/v1/cursos/1/estudiantes/ HTTP/1.1" 200 0
"GET /api/v1/cursos/1/estudiantes/ HTTP/1.1" 200 967
"GET /api/v1/cursos/1/estudiantes/ HTTP/1.1" 200 967
"OPTIONS /api/v1/cursos/1/asistencia/?fecha=2026-04-30 HTTP/1.1" 200 0
"GET /api/v1/cursos/1/asistencia/?fecha=2026-04-30 HTTP/1.1" 200 2
"GET /api/v1/auth/mis-cursos/ HTTP/1.1" 200 588
"GET /api/v1/auth/mis-cursos/ HTTP/1.1" 200 588
Not Found: /
"GET / HTTP/1.1" 404 2522
Not Found: /favicon.ico
"GET /favicon.ico HTTP/1.1" 404 2573
"GET /admin/ HTTP/1.1" 200 14721
"GET /static/admin/css/base.css HTTP/1.1" 304 0
"GET /static/admin/css/dark_mode.css HTTP/1.1" 304 0
"GET /static/admin/css/nav_sidebar.css HTTP/1.1" 304 0
"GET /static/admin/css/dashboard.css HTTP/1.1" 304 0
"GET /static/admin/css/responsive.css HTTP/1.1" 304 0
"GET /static/admin/js/theme.js HTTP/1.1" 304 0
"GET /static/admin/js/nav_sidebar.js HTTP/1.1" 304 0
"GET /static/admin/img/icon-addlink.svg HTTP/1.1" 304 0
"GET /static/admin/img/icon-changelink.svg HTTP/1.1" 304 0
"GET /admin/courses/curso/ HTTP/1.1" 200 14273
"GET /static/admin/css/changelists.css HTTP/1.1" 304 0
"GET /static/admin/js/core.js HTTP/1.1" 304 0
"GET /static/admin/js/jquery.init.js HTTP/1.1" 304 0
"GET /static/admin/js/vendor/jquery/jquery.js HTTP/1.1" 304 0
"GET /static/admin/js/admin/RelatedObjectLookups.js HTTP/1.1" 304 0
"GET /static/admin/js/actions.js HTTP/1.1" 304 0
"GET /static/admin/js/urlify.js HTTP/1.1" 304 0
"GET /static/admin/js/prepopulate.js HTTP/1.1" 304 0
"GET /static/admin/js/vendor/xregexp/xregexp.js HTTP/1.1" 304 0
"GET /static/admin/img/icon-yes.svg HTTP/1.1" 304 0
"GET /static/admin/img/search.svg HTTP/1.1" 304 0
"GET /admin/jsi18n/ HTTP/1.1" 200 8006
"GET /static/admin/js/filters.js HTTP/1.1" 304 0
"GET /static/admin/img/tooltag-add.svg HTTP/1.1" 304 0
"GET /admin/courses/matricula/ HTTP/1.1" 200 14616
"GET /admin/jsi18n/ HTTP/1.1" 200 8006
"GET /admin/accounts/user/ HTTP/1.1" 200 15865
"GET /admin/jsi18n/ HTTP/1.1" 200 8006
"GET /admin/accounts/user/3/change/ HTTP/1.1" 200 30616
"GET /static/admin/css/forms.css HTTP/1.1" 304 0
"GET /static/admin/js/calendar.js HTTP/1.1" 304 0
"GET /static/admin/js/admin/DateTimeShortcuts.js HTTP/1.1" 304 0
"GET /static/admin/js/SelectBox.js HTTP/1.1" 304 0
"GET /static/admin/js/SelectFilter2.js HTTP/1.1" 304 0
"GET /static/admin/js/prepopulate_init.js HTTP/1.1" 304 0
"GET /static/admin/css/widgets.css HTTP/1.1" 304 0
"GET /admin/jsi18n/ HTTP/1.1" 200 8006
"GET /static/admin/js/change_form.js HTTP/1.1" 304 0
"GET /static/admin/img/icon-unknown.svg HTTP/1.1" 304 0
"GET /static/admin/img/selector-icons.svg HTTP/1.1" 304 0
"GET /static/admin/img/icon-clock.svg HTTP/1.1" 304 0
"GET /static/admin/img/icon-calendar.svg HTTP/1.1" 304 0
"GET /static/admin/img/icon-unknown-alt.svg HTTP/1.1" 304 0
"GET /admin/accounts/user/ HTTP/1.1" 200 15865
C:\Users\Jonathan\Desktop\sistema-gestion-escolar\backend\accounts\models.py changed, reloading.
Watching for file changes with StatReloader
C:\Users\Jonathan\Desktop\sistema-gestion-escolar\backend\courses\models.py changed, reloading.
Watching for file changes with StatReloader
C:\Users\Jonathan\Desktop\sistema-gestion-escolar\backend\accounts\admin.py changed, reloading.
Watching for file changes with StatReloader
Watching for file changes with StatReloader
"GET /admin/accounts/user/ HTTP/1.1" 200 16189
"GET /admin/jsi18n/ HTTP/1.1" 200 8006
"GET /admin/accounts/curso/ HTTP/1.1" 200 14283
"GET /admin/jsi18n/ HTTP/1.1" 200 8006
"GET /admin/courses/materia/ HTTP/1.1" 200 14615
"GET /admin/jsi18n/ HTTP/1.1" 200 8006
"GET /admin/courses/matricula/ HTTP/1.1" 200 14948
"GET /admin/jsi18n/ HTTP/1.1" 200 8006
"GET /admin/courses/materia/ HTTP/1.1" 200 14615
"GET /admin/jsi18n/ HTTP/1.1" 200 8006
"GET /admin/accounts/user/ HTTP/1.1" 200 16189
"GET /admin/jsi18n/ HTTP/1.1" 200 8006
"GET /admin/accounts/user/add/ HTTP/1.1" 200 14872
"GET /admin/jsi18n/ HTTP/1.1" 200 8006
"POST /admin/accounts/user/add/ HTTP/1.1" 302 0
"GET /admin/accounts/user/5/change/ HTTP/1.1" 200 32031
"GET /admin/jsi18n/ HTTP/1.1" 200 8006
"POST /admin/accounts/user/5/change/ HTTP/1.1" 200 32022
"GET /admin/jsi18n/ HTTP/1.1" 200 8006
"POST /admin/accounts/user/5/change/ HTTP/1.1" 302 0
"GET /admin/accounts/user/ HTTP/1.1" 200 16833
"GET /admin/jsi18n/ HTTP/1.1" 200 8006
"POST /api/v1/auth/logout/ HTTP/1.1" 200 43
"POST /api/v1/auth/login/ HTTP/1.1" 200 715
"GET /api/v1/auth/estudiantes/ HTTP/1.1" 200 967
"GET /api/v1/auth/docentes/ HTTP/1.1" 200 376
"GET /api/v1/pagos/ HTTP/1.1" 200 815
"GET /api/v1/auth/estudiantes/ HTTP/1.1" 200 967
"GET /api/v1/auth/docentes/ HTTP/1.1" 200 376
Not Found: /api/v1/cursos/
"GET /api/v1/cursos/ HTTP/1.1" 404 2584
"GET /api/v1/pagos/ HTTP/1.1" 200 815
Not Found: /api/v1/cursos/
"GET /api/v1/cursos/ HTTP/1.1" 404 2584
"OPTIONS /api/v1/auth/grados/ HTTP/1.1" 200 0
"OPTIONS /api/v1/auth/grados/ HTTP/1.1" 200 0
"GET /api/v1/auth/estudiantes/ HTTP/1.1" 200 967
"GET /api/v1/auth/estudiantes/ HTTP/1.1" 200 967
Not Found: /api/v1/auth/grados/
"GET /api/v1/auth/grados/ HTTP/1.1" 404 5235
Not Found: /api/v1/auth/grados/
"GET /api/v1/auth/grados/ HTTP/1.1" 404 5235
"GET /api/v1/auth/estudiantes/ HTTP/1.1" 200 967
"GET /api/v1/auth/docentes/ HTTP/1.1" 200 376
"GET /api/v1/pagos/ HTTP/1.1" 200 815
"GET /api/v1/auth/estudiantes/ HTTP/1.1" 200 967
"GET /api/v1/auth/docentes/ HTTP/1.1" 200 376
Not Found: /api/v1/cursos/
"GET /api/v1/pagos/ HTTP/1.1" 200 815
"GET /api/v1/cursos/ HTTP/1.1" 404 2584
Not Found: /api/v1/cursos/
"GET /api/v1/cursos/ HTTP/1.1" 404 2584
"GET /api/v1/auth/estudiantes/ HTTP/1.1" 200 967
"GET /api/v1/auth/estudiantes/ HTTP/1.1" 200 967
Not Found: /api/v1/auth/grados/
"GET /api/v1/auth/grados/ HTTP/1.1" 404 5235
Not Found: /api/v1/auth/grados/
"GET /api/v1/auth/grados/ HTTP/1.1" 404 5235
Watching for file changes with StatReloader
Not Found: /api/v1/cursos/
"GET /api/v1/cursos/ HTTP/1.1" 404 2584
"GET /api/v1/auth/docentes/ HTTP/1.1" 200 376
"GET /api/v1/auth/estudiantes/ HTTP/1.1" 200 967
Not Found: /api/v1/cursos/
"GET /api/v1/pagos/ HTTP/1.1" 200 815
"GET /api/v1/cursos/ HTTP/1.1" 404 2584
"GET /api/v1/auth/docentes/ HTTP/1.1" 200 376
"GET /api/v1/auth/estudiantes/ HTTP/1.1" 200 967
"GET /api/v1/pagos/ HTTP/1.1" 200 815
"GET /admin/accounts/user/ HTTP/1.1" 200 16611
"GET /api/v1/auth/estudiantes/ HTTP/1.1" 200 967
"GET /api/v1/auth/estudiantes/ HTTP/1.1" 200 967
Not Found: /api/v1/auth/grados/
"GET /api/v1/auth/grados/ HTTP/1.1" 404 5235
Not Found: /api/v1/auth/grados/
"GET /api/v1/auth/grados/ HTTP/1.1" 404 5235
"GET /api/v1/auth/docentes/ HTTP/1.1" 200 376
"GET /api/v1/auth/docentes/ HTTP/1.1" 200 376
"GET /api/v1/auth/docentes/ HTTP/1.1" 200 376
Not Found: /api/v1/auth/grados/
"GET /api/v1/auth/grados/ HTTP/1.1" 404 5235
Not Found: /api/v1/cursos/
"GET /api/v1/auth/docentes/ HTTP/1.1" 200 376
"GET /api/v1/cursos/ HTTP/1.1" 404 2584
Not Found: /api/v1/cursos/
Not Found: /api/v1/auth/grados/
"GET /api/v1/cursos/ HTTP/1.1" 404 2584
"GET /api/v1/auth/grados/ HTTP/1.1" 404 5235
Not Found: /api/v1/cursos/
"GET /api/v1/cursos/ HTTP/1.1" 404 2584
Not Found: /api/v1/cursos/
"GET /api/v1/cursos/ HTTP/1.1" 404 2584
Not Found: /api/v1/cursos/
"GET /api/v1/cursos/ HTTP/1.1" 404 2584
Not Found: /api/v1/cursos/
"GET /api/v1/cursos/ HTTP/1.1" 404 2584
"GET /api/v1/auth/estudiantes/ HTTP/1.1" 200 967
"GET /api/v1/pagos/ HTTP/1.1" 200 815
"GET /api/v1/auth/estudiantes/ HTTP/1.1" 200 967
"GET /api/v1/pagos/ HTTP/1.1" 200 815
Not Found: /api/v1/cursos/
"GET /api/v1/cursos/ HTTP/1.1" 404 2584
Not Found: /api/v1/cursos/
"GET /api/v1/cursos/ HTTP/1.1" 404 2584
"GET /api/v1/auth/docentes/ HTTP/1.1" 200 376
"GET /api/v1/auth/docentes/ HTTP/1.1" 200 376
Not Found: /api/v1/auth/grados/
"GET /api/v1/auth/grados/ HTTP/1.1" 404 5235
Not Found: /api/v1/cursos/
"GET /api/v1/cursos/ HTTP/1.1" 404 2584
Not Found: /api/v1/auth/grados/
Not Found: /api/v1/cursos/
"GET /api/v1/auth/grados/ HTTP/1.1" 404 5235
"GET /api/v1/cursos/ HTTP/1.1" 404 2584
"POST /api/v1/auth/logout/ HTTP/1.1" 200 43
"POST /api/v1/auth/login/ HTTP/1.1" 200 712
Not Found: /api/v1/auth/mis-cursos/
"GET /api/v1/auth/mis-cursos/ HTTP/1.1" 404 5247
Not Found: /api/v1/auth/mis-cursos/
"GET /api/v1/auth/mis-cursos/ HTTP/1.1" 404 5247
"OPTIONS /api/v1/auth/mis-materias/ HTTP/1.1" 200 0
"GET /api/v1/auth/mis-materias/ HTTP/1.1" 200 588
"GET /api/v1/auth/mis-materias/ HTTP/1.1" 200 588
"GET /api/v1/auth/mis-materias/ HTTP/1.1" 200 588
"GET /api/v1/auth/mis-materias/ HTTP/1.1" 200 588
"GET /api/v1/auth/mis-materias/ HTTP/1.1" 200 588
"OPTIONS /api/v1/materias/1/estudiantes/ HTTP/1.1" 200 0
"OPTIONS /api/v1/materias/1/estudiantes/ HTTP/1.1" 200 0
"GET /api/v1/materias/1/estudiantes/ HTTP/1.1" 200 967
"GET /api/v1/materias/1/estudiantes/ HTTP/1.1" 200 967
"OPTIONS /api/v1/materias/1/asistencia/?fecha=2026-04-30 HTTP/1.1" 200 0
"GET /api/v1/materias/1/asistencia/?fecha=2026-04-30 HTTP/1.1" 200 2
"OPTIONS /api/v1/materias/1/asistencia/?fecha=2026-04-29 HTTP/1.1" 200 0
"GET /api/v1/materias/1/asistencia/?fecha=2026-04-29 HTTP/1.1" 200 201
"GET /api/v1/materias/1/asistencia/?fecha=2026-04-30 HTTP/1.1" 200 2
"OPTIONS /api/v1/materias/1/resumen-asistencia/ HTTP/1.1" 200 0
"GET /api/v1/materias/1/resumen-asistencia/ HTTP/1.1" 200 194
"OPTIONS /api/v1/materias/actividades/plantillas/ HTTP/1.1" 200 0
"OPTIONS /api/v1/materias/1/actividades/ HTTP/1.1" 200 0
"OPTIONS /api/v1/materias/1/actividades/ HTTP/1.1" 200 0
"OPTIONS /api/v1/materias/actividades/plantillas/ HTTP/1.1" 200 0
"GET /api/v1/materias/actividades/plantillas/ HTTP/1.1" 200 2
"GET /api/v1/materias/1/actividades/ HTTP/1.1" 200 214
"GET /api/v1/materias/actividades/plantillas/ HTTP/1.1" 200 2
"GET /api/v1/materias/1/actividades/ HTTP/1.1" 200 214
"OPTIONS /api/v1/materias/1/centro-notas/ HTTP/1.1" 200 0
"OPTIONS /api/v1/materias/1/centro-notas/ HTTP/1.1" 200 0
"GET /api/v1/materias/1/centro-notas/ HTTP/1.1" 200 393
"GET /api/v1/materias/1/centro-notas/ HTTP/1.1" 200 393
"GET /api/v1/materias/actividades/plantillas/ HTTP/1.1" 200 2
"GET /api/v1/materias/1/actividades/ HTTP/1.1" 200 214
"GET /api/v1/materias/1/actividades/ HTTP/1.1" 200 214
"GET /api/v1/materias/actividades/plantillas/ HTTP/1.1" 200 2
"POST /api/v1/auth/logout/ HTTP/1.1" 200 43
"POST /api/v1/auth/login/ HTTP/1.1" 200 715
"OPTIONS /api/v1/materias/ HTTP/1.1" 200 0
"OPTIONS /api/v1/materias/ HTTP/1.1" 200 0
"GET /api/v1/auth/estudiantes/ HTTP/1.1" 200 967
"GET /api/v1/auth/docentes/ HTTP/1.1" 200 376
"GET /api/v1/pagos/ HTTP/1.1" 200 815
"GET /api/v1/materias/ HTTP/1.1" 200 588
"GET /api/v1/auth/estudiantes/ HTTP/1.1" 200 967
"GET /api/v1/auth/docentes/ HTTP/1.1" 200 376
"GET /api/v1/pagos/ HTTP/1.1" 200 815
"GET /api/v1/materias/ HTTP/1.1" 200 588
"OPTIONS /api/v1/auth/cursos/ HTTP/1.1" 200 0
"OPTIONS /api/v1/auth/cursos/ HTTP/1.1" 200 0
"GET /api/v1/auth/estudiantes/ HTTP/1.1" 200 967
"GET /api/v1/auth/cursos/ HTTP/1.1" 200 82
"GET /api/v1/auth/estudiantes/ HTTP/1.1" 200 967
"GET /api/v1/auth/cursos/ HTTP/1.1" 200 82
"GET /api/v1/auth/docentes/ HTTP/1.1" 200 376
"GET /api/v1/auth/docentes/ HTTP/1.1" 200 376
"GET /api/v1/auth/cursos/ HTTP/1.1" 200 82
"GET /api/v1/auth/docentes/ HTTP/1.1" 200 376
"GET /api/v1/auth/cursos/ HTTP/1.1" 200 82
"GET /api/v1/materias/ HTTP/1.1" 200 588
"GET /api/v1/auth/docentes/ HTTP/1.1" 200 376
"GET /api/v1/materias/ HTTP/1.1" 200 588
"GET /api/v1/materias/ HTTP/1.1" 200 588
"GET /api/v1/materias/ HTTP/1.1" 200 588
"GET /api/v1/materias/ HTTP/1.1" 200 588
"GET /api/v1/materias/ HTTP/1.1" 200 588
"GET /api/v1/auth/estudiantes/ HTTP/1.1" 200 967
"GET /api/v1/pagos/ HTTP/1.1" 200 815
"GET /api/v1/auth/estudiantes/ HTTP/1.1" 200 967
"GET /api/v1/pagos/ HTTP/1.1" 200 815
"GET /api/v1/auth/estudiantes/ HTTP/1.1" 200 967
"GET /api/v1/pagos/ HTTP/1.1" 200 815
"GET /api/v1/auth/docentes/ HTTP/1.1" 200 376
"GET /api/v1/materias/ HTTP/1.1" 200 588
"GET /api/v1/auth/docentes/ HTTP/1.1" 200 376
"GET /api/v1/pagos/ HTTP/1.1" 200 815
"GET /api/v1/auth/estudiantes/ HTTP/1.1" 200 967
"GET /api/v1/materias/ HTTP/1.1" 200 588
"GET /api/v1/auth/docentes/ HTTP/1.1" 200 376
"GET /api/v1/auth/cursos/ HTTP/1.1" 200 82
"GET /api/v1/materias/ HTTP/1.1" 200 588
"GET /api/v1/auth/cursos/ HTTP/1.1" 200 82
"GET /api/v1/auth/docentes/ HTTP/1.1" 200 376
"GET /api/v1/materias/ HTTP/1.1" 200 588
"GET /api/v1/auth/docentes/ HTTP/1.1" 200 376
"GET /api/v1/auth/docentes/ HTTP/1.1" 200 376
"GET /api/v1/auth/cursos/ HTTP/1.1" 200 82
"GET /api/v1/auth/estudiantes/ HTTP/1.1" 200 967
"GET /api/v1/auth/cursos/ HTTP/1.1" 200 82
"GET /api/v1/auth/estudiantes/ HTTP/1.1" 200 967
"GET /admin/courses/matricula/ HTTP/1.1" 200 14948
"GET /admin/jsi18n/ HTTP/1.1" 200 8006
"GET /admin/accounts/curso/ HTTP/1.1" 200 14283
"GET /admin/jsi18n/ HTTP/1.1" 200 8006
"GET /admin/courses/matricula/ HTTP/1.1" 200 14948
"GET /admin/jsi18n/ HTTP/1.1" 200 8006
C:\Users\Jonathan\Desktop\sistema-gestion-escolar\backend\accounts\models.py changed, reloading.
Watching for file changes with StatReloader
C:\Users\Jonathan\Desktop\sistema-gestion-escolar\backend\courses\models.py changed, reloading.
Watching for file changes with StatReloader
C:\Users\Jonathan\Desktop\sistema-gestion-escolar\backend\courses\models.py changed, reloading.
Watching for file changes with StatReloader
C:\Users\Jonathan\Desktop\sistema-gestion-escolar\backend\courses\serializers.py changed, reloading.
Watching for file changes with StatReloader
C:\Users\Jonathan\Desktop\sistema-gestion-escolar\backend\courses\serializers.py changed, reloading.
Watching for file changes with StatReloader
C:\Users\Jonathan\Desktop\sistema-gestion-escolar\backend\courses\views.py changed, reloading.
Watching for file changes with StatReloader
C:\Users\Jonathan\Desktop\sistema-gestion-escolar\backend\courses\views.py changed, reloading.
Watching for file changes with StatReloader
C:\Users\Jonathan\Desktop\sistema-gestion-escolar\backend\courses\admin.py changed, reloading.
Watching for file changes with StatReloader
"GET /admin/courses/matricula/ HTTP/1.1" 200 14503
"GET /static/admin/css/base.css HTTP/1.1" 304 0
"GET /static/admin/css/dark_mode.css HTTP/1.1" 304 0
"GET /static/admin/css/changelists.css HTTP/1.1" 304 0
"GET /static/admin/css/nav_sidebar.css HTTP/1.1" 304 0
"GET /static/admin/js/vendor/jquery/jquery.js HTTP/1.1" 304 0
"GET /static/admin/css/responsive.css HTTP/1.1" 304 0
"GET /static/admin/js/jquery.init.js HTTP/1.1" 304 0
"GET /static/admin/js/admin/RelatedObjectLookups.js HTTP/1.1" 304 0
"GET /static/admin/js/core.js HTTP/1.1" 304 0
"GET /static/admin/js/actions.js HTTP/1.1" 304 0
"GET /static/admin/js/urlify.js HTTP/1.1" 304 0
"GET /static/admin/js/prepopulate.js HTTP/1.1" 304 0
"GET /static/admin/js/vendor/xregexp/xregexp.js HTTP/1.1" 304 0
"GET /admin/jsi18n/ HTTP/1.1" 200 8006
"GET /static/admin/js/theme.js HTTP/1.1" 304 0
"GET /static/admin/js/nav_sidebar.js HTTP/1.1" 304 0
"GET /static/admin/js/filters.js HTTP/1.1" 304 0
"GET /static/admin/img/icon-addlink.svg HTTP/1.1" 304 0
"GET /static/admin/img/tooltag-add.svg HTTP/1.1" 304 0
"GET /admin/accounts/curso/ HTTP/1.1" 200 14283
"GET /static/admin/img/icon-yes.svg HTTP/1.1" 304 0
"GET /admin/jsi18n/ HTTP/1.1" 200 8006
"GET /admin/accounts/curso/ HTTP/1.1" 200 14283
"GET /admin/jsi18n/ HTTP/1.1" 200 8006
"GET /admin/courses/materia/ HTTP/1.1" 200 14615
"GET /static/admin/img/search.svg HTTP/1.1" 304 0
"GET /admin/jsi18n/ HTTP/1.1" 200 8006
"GET /admin/courses/matricula/ HTTP/1.1" 200 14503
"GET /admin/jsi18n/ HTTP/1.1" 200 8006
"GET /admin/accounts/curso/ HTTP/1.1" 200 14283
"GET /admin/jsi18n/ HTTP/1.1" 200 8006
"GET /admin/accounts/curso/1/change/ HTTP/1.1" 200 15272
"GET /static/admin/css/forms.css HTTP/1.1" 304 0
"GET /static/admin/js/prepopulate_init.js HTTP/1.1" 304 0
"GET /static/admin/css/widgets.css HTTP/1.1" 304 0
"GET /admin/jsi18n/ HTTP/1.1" 200 8006
"GET /static/admin/js/change_form.js HTTP/1.1" 304 0
"POST /admin/accounts/curso/1/change/ HTTP/1.1" 302 0
"GET /admin/accounts/curso/ HTTP/1.1" 200 14478
"GET /admin/jsi18n/ HTTP/1.1" 200 8006
"GET /api/v1/auth/estudiantes/ HTTP/1.1" 200 1003
"GET /api/v1/auth/cursos/ HTTP/1.1" 200 100
"GET /api/v1/auth/estudiantes/ HTTP/1.1" 200 1003
"GET /api/v1/auth/cursos/ HTTP/1.1" 200 100
"GET /api/v1/auth/estudiantes/ HTTP/1.1" 200 1003
"GET /api/v1/pagos/ HTTP/1.1" 200 833
"GET /api/v1/pagos/ HTTP/1.1" 200 833
"GET /api/v1/auth/estudiantes/ HTTP/1.1" 200 1003
"OPTIONS /api/v1/pagos/1/ HTTP/1.1" 200 0
"PUT /api/v1/pagos/1/ HTTP/1.1" 200 836
"GET /api/v1/auth/estudiantes/ HTTP/1.1" 200 1003
"GET /api/v1/pagos/ HTTP/1.1" 200 838
"GET /api/v1/materias/ HTTP/1.1" 200 606
"GET /api/v1/materias/ HTTP/1.1" 200 606
"GET /api/v1/materias/ HTTP/1.1" 200 606
"GET /api/v1/materias/ HTTP/1.1" 200 606
"GET /api/v1/auth/cursos/ HTTP/1.1" 200 100
"GET /api/v1/auth/docentes/ HTTP/1.1" 200 376
"GET /api/v1/materias/ HTTP/1.1" 200 606
"GET /api/v1/auth/cursos/ HTTP/1.1" 200 100
"GET /api/v1/auth/docentes/ HTTP/1.1" 200 376
"GET /api/v1/materias/ HTTP/1.1" 200 606
"GET /api/v1/auth/docentes/ HTTP/1.1" 200 376
"GET /api/v1/auth/docentes/ HTTP/1.1" 200 376
"OPTIONS /api/v1/materias/inscripciones/ HTTP/1.1" 200 0
"OPTIONS /api/v1/materias/inscripciones/ HTTP/1.1" 200 0
"GET /api/v1/auth/estudiantes/ HTTP/1.1" 200 1003
"GET /api/v1/auth/cursos/ HTTP/1.1" 200 100
"GET /api/v1/materias/inscripciones/ HTTP/1.1" 200 2
"GET /api/v1/auth/cursos/ HTTP/1.1" 200 100
"GET /api/v1/materias/inscripciones/ HTTP/1.1" 200 2
"GET /api/v1/auth/estudiantes/ HTTP/1.1" 200 1003
"GET /api/v1/auth/estudiantes/ HTTP/1.1" 200 1003
"GET /api/v1/auth/cursos/ HTTP/1.1" 200 100
"GET /api/v1/auth/cursos/ HTTP/1.1" 200 100
"GET /api/v1/auth/estudiantes/ HTTP/1.1" 200 1003
"GET /api/v1/auth/estudiantes/ HTTP/1.1" 200 1003
"GET /api/v1/pagos/ HTTP/1.1" 200 838
"GET /api/v1/auth/docentes/ HTTP/1.1" 200 376
"GET /api/v1/materias/ HTTP/1.1" 200 606
"GET /api/v1/auth/estudiantes/ HTTP/1.1" 200 1003
"GET /api/v1/auth/docentes/ HTTP/1.1" 200 376
"GET /api/v1/pagos/ HTTP/1.1" 200 838
"GET /api/v1/materias/ HTTP/1.1" 200 606
Watching for file changes with StatReloader
Not Found: /
"GET / HTTP/1.1" 404 2524
Not Found: /favicon.ico
"GET /favicon.ico HTTP/1.1" 404 2575
Watching for file changes with StatReloader
"OPTIONS /api/v1/auth/docentes/ HTTP/1.1" 200 0
"OPTIONS /api/v1/auth/estudiantes/ HTTP/1.1" 200 0
"OPTIONS /api/v1/materias/ HTTP/1.1" 200 0
"OPTIONS /api/v1/pagos/ HTTP/1.1" 200 0
"OPTIONS /api/v1/pagos/ HTTP/1.1" 200 0
"OPTIONS /api/v1/materias/ HTTP/1.1" 200 0
"OPTIONS /api/v1/auth/estudiantes/ HTTP/1.1" 200 0
"OPTIONS /api/v1/auth/docentes/ HTTP/1.1" 200 0
Unauthorized: /api/v1/auth/estudiantes/
Unauthorized: /api/v1/pagos/
Unauthorized: /api/v1/auth/docentes/
Unauthorized: /api/v1/materias/
"GET /api/v1/auth/estudiantes/ HTTP/1.1" 401 203
"GET /api/v1/pagos/ HTTP/1.1" 401 203
"GET /api/v1/materias/ HTTP/1.1" 401 203
Unauthorized: /api/v1/auth/estudiantes/
"GET /api/v1/auth/docentes/ HTTP/1.1" 401 203
Unauthorized: /api/v1/pagos/
Unauthorized: /api/v1/materias/
Unauthorized: /api/v1/auth/docentes/
"OPTIONS /api/v1/auth/refresh/ HTTP/1.1" 200 0
"OPTIONS /api/v1/auth/refresh/ HTTP/1.1" 200 0
"GET /api/v1/auth/estudiantes/ HTTP/1.1" 401 203
"GET /api/v1/pagos/ HTTP/1.1" 401 203
"GET /api/v1/materias/ HTTP/1.1" 401 203
"GET /api/v1/auth/docentes/ HTTP/1.1" 401 203
"OPTIONS /api/v1/auth/refresh/ HTTP/1.1" 200 0
"OPTIONS /api/v1/auth/refresh/ HTTP/1.1" 200 0
"POST /api/v1/auth/refresh/ HTTP/1.1" 200 241
"POST /api/v1/auth/refresh/ HTTP/1.1" 200 241
"POST /api/v1/auth/refresh/ HTTP/1.1" 200 241
"POST /api/v1/auth/refresh/ HTTP/1.1" 200 241
"POST /api/v1/auth/refresh/ HTTP/1.1" 200 241
"POST /api/v1/auth/refresh/ HTTP/1.1" 200 241
"POST /api/v1/auth/refresh/ HTTP/1.1" 200 241
"POST /api/v1/auth/refresh/ HTTP/1.1" 200 241
"GET /api/v1/auth/docentes/ HTTP/1.1" 200 376
"GET /api/v1/auth/estudiantes/ HTTP/1.1" 200 1003
"GET /api/v1/materias/ HTTP/1.1" 200 606
"GET /api/v1/pagos/ HTTP/1.1" 200 838
"GET /api/v1/auth/docentes/ HTTP/1.1" 200 376
"GET /api/v1/pagos/ HTTP/1.1" 200 838
"GET /api/v1/materias/ HTTP/1.1" 200 606
"GET /api/v1/auth/estudiantes/ HTTP/1.1" 200 1003
"OPTIONS /api/v1/auth/logout/ HTTP/1.1" 200 0
"POST /api/v1/auth/logout/ HTTP/1.1" 200 43
"OPTIONS /api/v1/auth/login/ HTTP/1.1" 200 0
"POST /api/v1/auth/login/ HTTP/1.1" 200 712
"OPTIONS /api/v1/auth/mis-materias/ HTTP/1.1" 200 0
"OPTIONS /api/v1/auth/mis-materias/ HTTP/1.1" 200 0
"GET /api/v1/auth/mis-materias/ HTTP/1.1" 200 606
"GET /api/v1/auth/mis-materias/ HTTP/1.1" 200 606
"GET /api/v1/auth/mis-materias/ HTTP/1.1" 200 606
"GET /api/v1/auth/mis-materias/ HTTP/1.1" 200 606
"OPTIONS /api/v1/materias/1/estudiantes/ HTTP/1.1" 200 0
"OPTIONS /api/v1/materias/1/estudiantes/ HTTP/1.1" 200 0
"GET /api/v1/materias/1/estudiantes/ HTTP/1.1" 200 1003
"GET /api/v1/materias/1/estudiantes/ HTTP/1.1" 200 1003
"OPTIONS /api/v1/materias/1/asistencia/?fecha=2026-04-30 HTTP/1.1" 200 0
"GET /api/v1/materias/1/asistencia/?fecha=2026-04-30 HTTP/1.1" 200 2
"OPTIONS /api/v1/materias/1/asistencia/?fecha=2026-04-29 HTTP/1.1" 200 0
"GET /api/v1/materias/1/asistencia/?fecha=2026-04-29 HTTP/1.1" 200 201
"OPTIONS /api/v1/materias/1/asistencia/?fecha=2026-04-24 HTTP/1.1" 200 0
"GET /api/v1/materias/1/asistencia/?fecha=2026-04-24 HTTP/1.1" 200 2
"OPTIONS /api/v1/materias/1/resumen-asistencia/ HTTP/1.1" 200 0
"GET /api/v1/materias/1/resumen-asistencia/ HTTP/1.1" 200 194
"OPTIONS /api/v1/materias/1/actividades/ HTTP/1.1" 200 0
"OPTIONS /api/v1/materias/actividades/plantillas/ HTTP/1.1" 200 0
"OPTIONS /api/v1/materias/actividades/plantillas/ HTTP/1.1" 200 0
"OPTIONS /api/v1/materias/1/actividades/ HTTP/1.1" 200 0
"GET /api/v1/materias/actividades/plantillas/ HTTP/1.1" 200 2
"GET /api/v1/materias/1/actividades/ HTTP/1.1" 200 214
"GET /api/v1/materias/actividades/plantillas/ HTTP/1.1" 200 2
"GET /api/v1/materias/1/actividades/ HTTP/1.1" 200 214
"OPTIONS /api/v1/materias/1/centro-notas/ HTTP/1.1" 200 0
"OPTIONS /api/v1/materias/1/centro-notas/ HTTP/1.1" 200 0
"GET /api/v1/materias/1/centro-notas/ HTTP/1.1" 200 393
"GET /api/v1/materias/1/centro-notas/ HTTP/1.1" 200 393
"OPTIONS /api/v1/materias/notas/ HTTP/1.1" 200 0
"POST /api/v1/materias/notas/ HTTP/1.1" 200 214
"GET /api/v1/materias/1/centro-notas/ HTTP/1.1" 200 393
"POST /api/v1/materias/notas/ HTTP/1.1" 200 217
"GET /api/v1/materias/1/centro-notas/ HTTP/1.1" 200 393
"GET /api/v1/materias/actividades/plantillas/ HTTP/1.1" 200 2
"GET /api/v1/materias/1/actividades/ HTTP/1.1" 200 214
"GET /api/v1/materias/actividades/plantillas/ HTTP/1.1" 200 2
"GET /api/v1/materias/1/actividades/ HTTP/1.1" 200 214
"GET /api/v1/materias/1/estudiantes/ HTTP/1.1" 200 1003
"GET /api/v1/materias/1/estudiantes/ HTTP/1.1" 200 1003
"GET /api/v1/materias/1/asistencia/?fecha=2026-04-30 HTTP/1.1" 200 2
"GET /api/v1/auth/mis-materias/ HTTP/1.1" 200 606
"GET /api/v1/auth/mis-materias/ HTTP/1.1" 200 606
"POST /api/v1/auth/logout/ HTTP/1.1" 200 43
Bad Request: /api/v1/auth/login/
"POST /api/v1/auth/login/ HTTP/1.1" 400 49
"POST /api/v1/auth/login/ HTTP/1.1" 200 718
"GET /api/v1/auth/mis-materias/ HTTP/1.1" 200 606
"GET /api/v1/auth/mis-materias/ HTTP/1.1" 200 606
"GET /api/v1/materias/1/resumen-asistencia/ HTTP/1.1" 200 96
"GET /api/v1/materias/1/centro-notas/ HTTP/1.1" 200 315
"GET /api/v1/materias/1/resumen-asistencia/ HTTP/1.1" 200 96
"GET /api/v1/materias/1/centro-notas/ HTTP/1.1" 200 315
"POST /api/v1/auth/logout/ HTTP/1.1" 200 43
"POST /api/v1/auth/login/ HTTP/1.1" 200 712
"GET /api/v1/auth/mis-materias/ HTTP/1.1" 200 606
"GET /api/v1/auth/mis-materias/ HTTP/1.1" 200 606
"GET /api/v1/auth/mis-materias/ HTTP/1.1" 200 606
"GET /api/v1/auth/mis-materias/ HTTP/1.1" 200 606
"GET /api/v1/materias/1/estudiantes/ HTTP/1.1" 200 1003
"GET /api/v1/materias/1/estudiantes/ HTTP/1.1" 200 1003
"GET /api/v1/materias/1/asistencia/?fecha=2026-04-30 HTTP/1.1" 200 2
"GET /api/v1/materias/1/actividades/ HTTP/1.1" 200 214
"GET /api/v1/materias/actividades/plantillas/ HTTP/1.1" 200 2
"GET /api/v1/materias/1/actividades/ HTTP/1.1" 200 214
"GET /api/v1/materias/actividades/plantillas/ HTTP/1.1" 200 2
"GET /api/v1/materias/1/centro-notas/ HTTP/1.1" 200 393
"GET /api/v1/materias/1/centro-notas/ HTTP/1.1" 200 393
"GET /api/v1/materias/1/estudiantes/ HTTP/1.1" 200 1003
"GET /api/v1/materias/1/estudiantes/ HTTP/1.1" 200 1003
"GET /api/v1/materias/1/asistencia/?fecha=2026-04-30 HTTP/1.1" 200 2
"GET /api/v1/materias/actividades/plantillas/ HTTP/1.1" 200 2
"GET /api/v1/materias/1/actividades/ HTTP/1.1" 200 214
"GET /api/v1/materias/actividades/plantillas/ HTTP/1.1" 200 2
"GET /api/v1/materias/1/actividades/ HTTP/1.1" 200 214
"GET /api/v1/materias/1/centro-notas/ HTTP/1.1" 200 393
"GET /api/v1/materias/1/centro-notas/ HTTP/1.1" 200 393
"GET /api/v1/materias/actividades/plantillas/ HTTP/1.1" 200 2
"GET /api/v1/materias/1/actividades/ HTTP/1.1" 200 214
"GET /api/v1/materias/actividades/plantillas/ HTTP/1.1" 200 2
"GET /api/v1/materias/1/actividades/ HTTP/1.1" 200 214
"GET /api/v1/materias/1/estudiantes/ HTTP/1.1" 200 1003
"GET /api/v1/materias/1/estudiantes/ HTTP/1.1" 200 1003
"GET /api/v1/materias/1/asistencia/?fecha=2026-04-30 HTTP/1.1" 200 2
"GET /api/v1/materias/1/actividades/ HTTP/1.1" 200 214
"GET /api/v1/materias/actividades/plantillas/ HTTP/1.1" 200 2
"GET /api/v1/materias/1/actividades/ HTTP/1.1" 200 214
"GET /api/v1/materias/actividades/plantillas/ HTTP/1.1" 200 2
"GET /api/v1/materias/1/centro-notas/ HTTP/1.1" 200 393
"GET /api/v1/materias/1/centro-notas/ HTTP/1.1" 200 393
"GET /api/v1/materias/actividades/plantillas/ HTTP/1.1" 200 2
"GET /api/v1/materias/1/actividades/ HTTP/1.1" 200 214
"GET /api/v1/materias/actividades/plantillas/ HTTP/1.1" 200 2
"GET /api/v1/materias/1/actividades/ HTTP/1.1" 200 214
"GET /api/v1/materias/1/estudiantes/ HTTP/1.1" 200 1003
"GET /api/v1/materias/1/estudiantes/ HTTP/1.1" 200 1003
"GET /api/v1/materias/1/asistencia/?fecha=2026-04-30 HTTP/1.1" 200 2
"GET /api/v1/auth/mis-materias/ HTTP/1.1" 200 606
"GET /api/v1/auth/mis-materias/ HTTP/1.1" 200 606
"GET /api/v1/auth/mis-materias/ HTTP/1.1" 200 606
"GET /api/v1/auth/mis-materias/ HTTP/1.1" 200 606
"GET /api/v1/materias/1/estudiantes/ HTTP/1.1" 200 1003
"GET /api/v1/materias/1/estudiantes/ HTTP/1.1" 200 1003
"GET /api/v1/materias/1/asistencia/?fecha=2026-04-30 HTTP/1.1" 200 2
"GET /api/v1/materias/1/resumen-asistencia/ HTTP/1.1" 200 194
"GET /api/v1/materias/actividades/plantillas/ HTTP/1.1" 200 2
"GET /api/v1/materias/1/actividades/ HTTP/1.1" 200 214
"GET /api/v1/materias/actividades/plantillas/ HTTP/1.1" 200 2
"GET /api/v1/materias/1/actividades/ HTTP/1.1" 200 214
"GET /api/v1/materias/1/estudiantes/ HTTP/1.1" 200 1003
"GET /api/v1/materias/1/estudiantes/ HTTP/1.1" 200 1003
"GET /api/v1/materias/1/asistencia/?fecha=2026-04-30 HTTP/1.1" 200 2
"GET /api/v1/materias/actividades/plantillas/ HTTP/1.1" 200 2
"GET /api/v1/materias/1/actividades/ HTTP/1.1" 200 214
"GET /api/v1/materias/actividades/plantillas/ HTTP/1.1" 200 2
"GET /api/v1/materias/1/actividades/ HTTP/1.1" 200 214
"GET /api/v1/materias/1/centro-notas/ HTTP/1.1" 200 393
"GET /api/v1/materias/1/centro-notas/ HTTP/1.1" 200 393
"GET /api/v1/materias/1/actividades/ HTTP/1.1" 200 214
"GET /api/v1/materias/actividades/plantillas/ HTTP/1.1" 200 2
"GET /api/v1/materias/actividades/plantillas/ HTTP/1.1" 200 2
"GET /api/v1/materias/1/actividades/ HTTP/1.1" 200 214
"GET /api/v1/auth/mis-materias/ HTTP/1.1" 200 606
"GET /api/v1/auth/mis-materias/ HTTP/1.1" 200 606
"GET /admin HTTP/1.1" 301 0
"GET /admin/ HTTP/1.1" 200 15112
"GET /static/admin/css/base.css HTTP/1.1" 304 0
"GET /static/admin/css/dark_mode.css HTTP/1.1" 304 0
"GET /static/admin/css/nav_sidebar.css HTTP/1.1" 304 0
"GET /static/admin/css/dashboard.css HTTP/1.1" 304 0
"GET /static/admin/js/nav_sidebar.js HTTP/1.1" 304 0
"GET /static/admin/css/responsive.css HTTP/1.1" 304 0
"GET /static/admin/js/theme.js HTTP/1.1" 304 0
"GET /static/admin/img/icon-changelink.svg HTTP/1.1" 304 0
"GET /static/admin/img/icon-addlink.svg HTTP/1.1" 304 0
Not Found: /favicon.ico
"GET /favicon.ico HTTP/1.1" 404 2575
"GET /admin/courses/asistencia/ HTTP/1.1" 200 15146
"GET /static/admin/css/changelists.css HTTP/1.1" 304 0
"GET /static/admin/js/vendor/jquery/jquery.js HTTP/1.1" 304 0
"GET /static/admin/js/jquery.init.js HTTP/1.1" 304 0
"GET /static/admin/js/core.js HTTP/1.1" 304 0
"GET /static/admin/js/admin/RelatedObjectLookups.js HTTP/1.1" 304 0
"GET /static/admin/js/actions.js HTTP/1.1" 304 0
"GET /static/admin/js/urlify.js HTTP/1.1" 304 0
"GET /static/admin/js/vendor/xregexp/xregexp.js HTTP/1.1" 304 0
"GET /static/admin/js/prepopulate.js HTTP/1.1" 304 0
"GET /static/admin/img/search.svg HTTP/1.1" 304 0
"GET /admin/jsi18n/ HTTP/1.1" 200 8006
"GET /static/admin/js/filters.js HTTP/1.1" 304 0
"GET /static/admin/img/tooltag-add.svg HTTP/1.1" 304 0
"GET /static/admin/img/sorting-icons.svg HTTP/1.1" 304 0
"POST /api/v1/auth/logout/ HTTP/1.1" 200 43
"POST /api/v1/auth/login/ HTTP/1.1" 200 693
"GET /api/v1/auth/estudiantes/ HTTP/1.1" 200 1003
"GET /api/v1/auth/docentes/ HTTP/1.1" 200 376
"GET /api/v1/pagos/ HTTP/1.1" 200 838
"GET /api/v1/materias/ HTTP/1.1" 200 606
"GET /api/v1/auth/docentes/ HTTP/1.1" 200 376
"GET /api/v1/auth/estudiantes/ HTTP/1.1" 200 1003
"GET /api/v1/materias/ HTTP/1.1" 200 606
"GET /api/v1/pagos/ HTTP/1.1" 200 838
"OPTIONS /api/v1/auth/cursos/ HTTP/1.1" 200 0
"OPTIONS /api/v1/auth/cursos/ HTTP/1.1" 200 0
"GET /api/v1/auth/docentes/ HTTP/1.1" 200 376
"GET /api/v1/materias/ HTTP/1.1" 200 606
"GET /api/v1/auth/cursos/ HTTP/1.1" 200 100
"GET /api/v1/auth/docentes/ HTTP/1.1" 200 376
"GET /api/v1/auth/cursos/ HTTP/1.1" 200 100
"GET /api/v1/materias/ HTTP/1.1" 200 606
"POST /api/v1/materias/ HTTP/1.1" 201 606
"GET /api/v1/auth/cursos/ HTTP/1.1" 200 100
"GET /api/v1/auth/docentes/ HTTP/1.1" 200 376
"GET /api/v1/materias/ HTTP/1.1" 200 1213
"POST /api/v1/materias/ HTTP/1.1" 201 602
"GET /api/v1/auth/cursos/ HTTP/1.1" 200 100
"GET /api/v1/auth/docentes/ HTTP/1.1" 200 376
"GET /api/v1/materias/ HTTP/1.1" 200 1816
"GET /api/v1/auth/estudiantes/ HTTP/1.1" 200 1003
"GET /api/v1/auth/cursos/ HTTP/1.1" 200 100
"GET /api/v1/auth/estudiantes/ HTTP/1.1" 200 1003
"GET /api/v1/auth/cursos/ HTTP/1.1" 200 100
"GET /api/v1/auth/docentes/ HTTP/1.1" 200 376
"GET /api/v1/auth/cursos/ HTTP/1.1" 200 100
"GET /api/v1/auth/docentes/ HTTP/1.1" 200 376
"GET /api/v1/materias/ HTTP/1.1" 200 1816
"GET /api/v1/auth/cursos/ HTTP/1.1" 200 100
"GET /api/v1/materias/ HTTP/1.1" 200 1816
"GET /api/v1/auth/docentes/ HTTP/1.1" 200 376
"GET /api/v1/auth/docentes/ HTTP/1.1" 200 376
"GET /api/v1/auth/cursos/ HTTP/1.1" 200 100
"GET /api/v1/auth/docentes/ HTTP/1.1" 200 376
"GET /api/v1/auth/cursos/ HTTP/1.1" 200 100
"GET /api/v1/auth/docentes/ HTTP/1.1" 200 376
"GET /api/v1/materias/ HTTP/1.1" 200 1816
"GET /api/v1/materias/ HTTP/1.1" 200 1816
"GET /admin/courses/matricula/ HTTP/1.1" 200 14503
"GET /admin/jsi18n/ HTTP/1.1" 200 8006
"GET /admin/courses/matricula/add/ HTTP/1.1" 200 16147
"GET /static/admin/css/forms.css HTTP/1.1" 304 0
"GET /static/admin/img/icon-viewlink.svg HTTP/1.1" 304 0
"GET /static/admin/js/prepopulate_init.js HTTP/1.1" 304 0
"GET /admin/jsi18n/ HTTP/1.1" 200 8006
"GET /static/admin/css/widgets.css HTTP/1.1" 304 0
"GET /static/admin/js/change_form.js HTTP/1.1" 304 0
"POST /admin/courses/matricula/add/ HTTP/1.1" 302 0
"GET /admin/courses/matricula/ HTTP/1.1" 200 15180
"GET /admin/jsi18n/ HTTP/1.1" 200 8006
"GET /static/admin/img/icon-yes.svg HTTP/1.1" 304 0
"GET /admin/courses/matricula/add/ HTTP/1.1" 200 16147
"GET /admin/jsi18n/ HTTP/1.1" 200 8006
"POST /admin/courses/matricula/add/ HTTP/1.1" 302 0
"GET /admin/courses/matricula/ HTTP/1.1" 200 15588
"GET /admin/jsi18n/ HTTP/1.1" 200 8006
"GET /admin/courses/matricula/add/ HTTP/1.1" 200 16147
"GET /admin/jsi18n/ HTTP/1.1" 200 8006
"POST /admin/courses/matricula/add/ HTTP/1.1" 302 0
"GET /admin/courses/matricula/ HTTP/1.1" 200 16017
"GET /admin/jsi18n/ HTTP/1.1" 200 8006
"GET /admin/courses/matricula/add/ HTTP/1.1" 200 16147
"GET /admin/jsi18n/ HTTP/1.1" 200 8006
"POST /admin/courses/matricula/add/ HTTP/1.1" 302 0
"GET /admin/courses/matricula/ HTTP/1.1" 200 16428
"GET /admin/jsi18n/ HTTP/1.1" 200 8006
"OPTIONS /api/v1/materias/3/ HTTP/1.1" 200 0
"PUT /api/v1/materias/3/ HTTP/1.1" 200 605
"GET /api/v1/auth/docentes/ HTTP/1.1" 200 376
"GET /api/v1/auth/cursos/ HTTP/1.1" 200 100
"GET /api/v1/materias/ HTTP/1.1" 200 1819
"GET /admin/courses/matricula/ HTTP/1.1" 200 16177
"GET /admin/jsi18n/ HTTP/1.1" 200 8006
"GET /api/v1/auth/estudiantes/ HTTP/1.1" 200 1003
"GET /api/v1/auth/cursos/ HTTP/1.1" 200 100
"GET /api/v1/auth/estudiantes/ HTTP/1.1" 200 1003
"GET /api/v1/auth/cursos/ HTTP/1.1" 200 100
Bad Request: /api/v1/auth/estudiantes/
"POST /api/v1/auth/estudiantes/ HTTP/1.1" 400 112
Internal Server Error: /api/v1/auth/estudiantes/
Traceback (most recent call last):
  File "C:\Users\Jonathan\Desktop\sistema-gestion-escolar\backend\venv\Lib\site-packages\django\db\backends\utils.py", line 89, in _execute
    return self.cursor.execute(sql, params)
           ^^^^^^^^^^^^^^^^^^^^^^^^^^^^^^^^
  File "C:\Users\Jonathan\Desktop\sistema-gestion-escolar\backend\venv\Lib\site-packages\django\db\backends\sqlite3\base.py", line 328, in execute
    return super().execute(query, params)
           ^^^^^^^^^^^^^^^^^^^^^^^^^^^^^^
sqlite3.IntegrityError: NOT NULL constraint failed: accounts_estudiante.user_id

The above exception was the direct cause of the following exception:

Traceback (most recent call last):
  File "C:\Users\Jonathan\Desktop\sistema-gestion-escolar\backend\venv\Lib\site-packages\django\core\handlers\exception.py", line 55, in inner
    response = get_response(request)
               ^^^^^^^^^^^^^^^^^^^^^
  File "C:\Users\Jonathan\Desktop\sistema-gestion-escolar\backend\venv\Lib\site-packages\django\core\handlers\base.py", line 197, in _get_response
    response = wrapped_callback(request, *callback_args, **callback_kwargs)
               ^^^^^^^^^^^^^^^^^^^^^^^^^^^^^^^^^^^^^^^^^^^^^^^^^^^^^^^^^^^^
  File "C:\Users\Jonathan\Desktop\sistema-gestion-escolar\backend\venv\Lib\site-packages\django\views\decorators\csrf.py", line 56, in wrapper_view
    return view_func(*args, **kwargs)
           ^^^^^^^^^^^^^^^^^^^^^^^^^^
  File "C:\Users\Jonathan\Desktop\sistema-gestion-escolar\backend\venv\Lib\site-packages\django\views\generic\base.py", line 104, in view
    return self.dispatch(request, *args, **kwargs)
           ^^^^^^^^^^^^^^^^^^^^^^^^^^^^^^^^^^^^^^^
  File "C:\Users\Jonathan\Desktop\sistema-gestion-escolar\backend\venv\Lib\site-packages\rest_framework\views.py", line 509, in dispatch
    response = self.handle_exception(exc)
               ^^^^^^^^^^^^^^^^^^^^^^^^^^
  File "C:\Users\Jonathan\Desktop\sistema-gestion-escolar\backend\venv\Lib\site-packages\rest_framework\views.py", line 469, in handle_exception
    self.raise_uncaught_exception(exc)
  File "C:\Users\Jonathan\Desktop\sistema-gestion-escolar\backend\venv\Lib\site-packages\rest_framework\views.py", line 480, in raise_uncaught_exception
    raise exc
  File "C:\Users\Jonathan\Desktop\sistema-gestion-escolar\backend\venv\Lib\site-packages\rest_framework\views.py", line 506, in dispatch
    response = handler(request, *args, **kwargs)
               ^^^^^^^^^^^^^^^^^^^^^^^^^^^^^^^^^
  File "C:\Users\Jonathan\Desktop\sistema-gestion-escolar\backend\venv\Lib\site-packages\rest_framework\decorators.py", line 50, in handler
    return func(*args, **kwargs)
           ^^^^^^^^^^^^^^^^^^^^^
  File "C:\Users\Jonathan\Desktop\sistema-gestion-escolar\backend\accounts\views.py", line 169, in estudiantes_list
    serializer.save()
  File "C:\Users\Jonathan\Desktop\sistema-gestion-escolar\backend\venv\Lib\site-packages\rest_framework\serializers.py", line 212, in save
    self.instance = self.create(validated_data)
                    ^^^^^^^^^^^^^^^^^^^^^^^^^^^
  File "C:\Users\Jonathan\Desktop\sistema-gestion-escolar\backend\venv\Lib\site-packages\rest_framework\serializers.py", line 962, in create
    instance = ModelClass._default_manager.create(**validated_data)
               ^^^^^^^^^^^^^^^^^^^^^^^^^^^^^^^^^^^^^^^^^^^^^^^^^^^^
  File "C:\Users\Jonathan\Desktop\sistema-gestion-escolar\backend\venv\Lib\site-packages\django\db\models\manager.py", line 87, in manager_method
    return getattr(self.get_queryset(), name)(*args, **kwargs)
           ^^^^^^^^^^^^^^^^^^^^^^^^^^^^^^^^^^^^^^^^^^^^^^^^^^^
  File "C:\Users\Jonathan\Desktop\sistema-gestion-escolar\backend\venv\Lib\site-packages\django\db\models\query.py", line 658, in create
    obj.save(force_insert=True, using=self.db)
  File "C:\Users\Jonathan\Desktop\sistema-gestion-escolar\backend\venv\Lib\site-packages\django\db\models\base.py", line 814, in save
    self.save_base(
  File "C:\Users\Jonathan\Desktop\sistema-gestion-escolar\backend\venv\Lib\site-packages\django\db\models\base.py", line 877, in save_base
    updated = self._save_table(
              ^^^^^^^^^^^^^^^^^
  File "C:\Users\Jonathan\Desktop\sistema-gestion-escolar\backend\venv\Lib\site-packages\django\db\models\base.py", line 1020, in _save_table
    results = self._do_insert(
              ^^^^^^^^^^^^^^^^
  File "C:\Users\Jonathan\Desktop\sistema-gestion-escolar\backend\venv\Lib\site-packages\django\db\models\base.py", line 1061, in _do_insert
    return manager._insert(
           ^^^^^^^^^^^^^^^^
  File "C:\Users\Jonathan\Desktop\sistema-gestion-escolar\backend\venv\Lib\site-packages\django\db\models\manager.py", line 87, in manager_method
    return getattr(self.get_queryset(), name)(*args, **kwargs)
           ^^^^^^^^^^^^^^^^^^^^^^^^^^^^^^^^^^^^^^^^^^^^^^^^^^^
  File "C:\Users\Jonathan\Desktop\sistema-gestion-escolar\backend\venv\Lib\site-packages\django\db\models\query.py", line 1805, in _insert
    return query.get_compiler(using=using).execute_sql(returning_fields)
           ^^^^^^^^^^^^^^^^^^^^^^^^^^^^^^^^^^^^^^^^^^^^^^^^^^^^^^^^^^^^^
  File "C:\Users\Jonathan\Desktop\sistema-gestion-escolar\backend\venv\Lib\site-packages\django\db\models\sql\compiler.py", line 1820, in execute_sql
    cursor.execute(sql, params)
  File "C:\Users\Jonathan\Desktop\sistema-gestion-escolar\backend\venv\Lib\site-packages\django\db\backends\utils.py", line 102, in execute
    return super().execute(sql, params)
           ^^^^^^^^^^^^^^^^^^^^^^^^^^^^
  File "C:\Users\Jonathan\Desktop\sistema-gestion-escolar\backend\venv\Lib\site-packages\django\db\backends\utils.py", line 67, in execute
    return self._execute_with_wrappers(
           ^^^^^^^^^^^^^^^^^^^^^^^^^^^^
  File "C:\Users\Jonathan\Desktop\sistema-gestion-escolar\backend\venv\Lib\site-packages\django\db\backends\utils.py", line 80, in _execute_with_wrappers
    return executor(sql, params, many, context)
           ^^^^^^^^^^^^^^^^^^^^^^^^^^^^^^^^^^^^
  File "C:\Users\Jonathan\Desktop\sistema-gestion-escolar\backend\venv\Lib\site-packages\django\db\backends\utils.py", line 84, in _execute
    with self.db.wrap_database_errors:
  File "C:\Users\Jonathan\Desktop\sistema-gestion-escolar\backend\venv\Lib\site-packages\django\db\utils.py", line 91, in __exit__
    raise dj_exc_value.with_traceback(traceback) from exc_value
  File "C:\Users\Jonathan\Desktop\sistema-gestion-escolar\backend\venv\Lib\site-packages\django\db\backends\utils.py", line 89, in _execute
    return self.cursor.execute(sql, params)
           ^^^^^^^^^^^^^^^^^^^^^^^^^^^^^^^^
  File "C:\Users\Jonathan\Desktop\sistema-gestion-escolar\backend\venv\Lib\site-packages\django\db\backends\sqlite3\base.py", line 328, in execute
    return super().execute(query, params)
           ^^^^^^^^^^^^^^^^^^^^^^^^^^^^^^
django.db.utils.IntegrityError: NOT NULL constraint failed: accounts_estudiante.user_id
"POST /api/v1/auth/estudiantes/ HTTP/1.1" 500 221592
C:\Users\Jonathan\Desktop\sistema-gestion-escolar\backend\courses\models.py changed, reloading.
Watching for file changes with StatReloader
C:\Users\Jonathan\Desktop\sistema-gestion-escolar\backend\courses\serializers.py changed, reloading.
Watching for file changes with StatReloader
C:\Users\Jonathan\Desktop\sistema-gestion-escolar\backend\courses\serializers.py changed, reloading.
Watching for file changes with StatReloader
C:\Users\Jonathan\Desktop\sistema-gestion-escolar\backend\courses\views.py changed, reloading.
Watching for file changes with StatReloader
C:\Users\Jonathan\Desktop\sistema-gestion-escolar\backend\courses\views.py changed, reloading.
Watching for file changes with StatReloader
C:\Users\Jonathan\Desktop\sistema-gestion-escolar\backend\courses\views.py changed, reloading.
Watching for file changes with StatReloader
C:\Users\Jonathan\Desktop\sistema-gestion-escolar\backend\courses\views.py changed, reloading.
Watching for file changes with StatReloader
C:\Users\Jonathan\Desktop\sistema-gestion-escolar\backend\courses\views.py changed, reloading.
Watching for file changes with StatReloader
C:\Users\Jonathan\Desktop\sistema-gestion-escolar\backend\courses\urls.py changed, reloading.
Watching for file changes with StatReloader
C:\Users\Jonathan\Desktop\sistema-gestion-escolar\backend\courses\admin.py changed, reloading.
Watching for file changes with StatReloader
C:\Users\Jonathan\Desktop\sistema-gestion-escolar\backend\courses\admin.py changed, reloading.
Watching for file changes with StatReloader
Watching for file changes with StatReloader
"GET /api/v1/auth/cursos/ HTTP/1.1" 200 100
"GET /api/v1/auth/cursos/ HTTP/1.1" 200 100
"GET /api/v1/auth/estudiantes/ HTTP/1.1" 200 1003
"GET /api/v1/auth/estudiantes/ HTTP/1.1" 200 1003
"GET /api/v1/auth/cursos/ HTTP/1.1" 200 100
"GET /api/v1/materias/ HTTP/1.1" 200 1819
"GET /api/v1/auth/cursos/ HTTP/1.1" 200 100
"GET /api/v1/materias/ HTTP/1.1" 200 1819
"OPTIONS /api/v1/materias/horario/1/ HTTP/1.1" 200 0
"GET /api/v1/materias/horario/1/ HTTP/1.1" 200 80
"GET /api/v1/materias/ HTTP/1.1" 200 1819
"POST /api/v1/materias/horario/1/ HTTP/1.1" 200 1706
"GET /api/v1/materias/ HTTP/1.1" 200 1817
"GET /api/v1/materias/horario/1/ HTTP/1.1" 200 1706
"POST /api/v1/materias/horario/1/ HTTP/1.1" 200 1754
"GET /api/v1/materias/ HTTP/1.1" 200 1817
"GET /api/v1/materias/horario/1/ HTTP/1.1" 200 1754
"POST /api/v1/auth/logout/ HTTP/1.1" 200 43
"POST /api/v1/auth/login/ HTTP/1.1" 200 712
"GET /api/v1/auth/mis-materias/ HTTP/1.1" 200 1817
"GET /api/v1/auth/mis-materias/ HTTP/1.1" 200 1817
"GET /api/v1/auth/mis-materias/ HTTP/1.1" 200 1817
"GET /api/v1/auth/mis-materias/ HTTP/1.1" 200 1817
"GET /api/v1/materias/1/estudiantes/ HTTP/1.1" 200 2
"GET /api/v1/materias/1/estudiantes/ HTTP/1.1" 200 2
"GET /api/v1/auth/mis-materias/ HTTP/1.1" 200 1817
"GET /api/v1/auth/mis-materias/ HTTP/1.1" 200 1817
"GET /api/v1/auth/mis-materias/ HTTP/1.1" 200 1817
"GET /api/v1/auth/mis-materias/ HTTP/1.1" 200 1817
"OPTIONS /api/v1/materias/2/estudiantes/ HTTP/1.1" 200 0
"OPTIONS /api/v1/materias/2/estudiantes/ HTTP/1.1" 200 0
"GET /api/v1/materias/2/estudiantes/ HTTP/1.1" 200 2
"GET /api/v1/materias/2/estudiantes/ HTTP/1.1" 200 2
"GET /api/v1/auth/mis-materias/ HTTP/1.1" 200 1817
"GET /api/v1/auth/mis-materias/ HTTP/1.1" 200 1817
"POST /api/v1/auth/logout/ HTTP/1.1" 200 43
"POST /api/v1/auth/login/ HTTP/1.1" 200 693
"GET /api/v1/auth/docentes/ HTTP/1.1" 200 376
"GET /api/v1/materias/ HTTP/1.1" 200 1817
"GET /api/v1/pagos/ HTTP/1.1" 200 838
"GET /api/v1/auth/estudiantes/ HTTP/1.1" 200 1003
"GET /api/v1/auth/docentes/ HTTP/1.1" 200 376
"GET /api/v1/pagos/ HTTP/1.1" 200 838
"GET /api/v1/auth/estudiantes/ HTTP/1.1" 200 1003
"GET /api/v1/materias/ HTTP/1.1" 200 1817
"GET /api/v1/auth/estudiantes/ HTTP/1.1" 200 1003
"GET /api/v1/auth/cursos/ HTTP/1.1" 200 100
"GET /api/v1/auth/estudiantes/ HTTP/1.1" 200 1003
"GET /api/v1/auth/cursos/ HTTP/1.1" 200 100
"OPTIONS /api/v1/auth/estudiantes/1/ HTTP/1.1" 200 0
"PUT /api/v1/auth/estudiantes/1/ HTTP/1.1" 200 406
"GET /api/v1/auth/estudiantes/ HTTP/1.1" 200 909
"GET /api/v1/auth/cursos/ HTTP/1.1" 200 100
"GET /admin/courses/matricula/ HTTP/1.1" 200 17148
"GET /admin/jsi18n/ HTTP/1.1" 200 8006
"GET /admin/courses/matricula/ HTTP/1.1" 200 17148
"GET /admin/jsi18n/ HTTP/1.1" 200 8006
"PUT /api/v1/auth/estudiantes/1/ HTTP/1.1" 200 500
"GET /api/v1/auth/cursos/ HTTP/1.1" 200 100
"GET /api/v1/auth/estudiantes/ HTTP/1.1" 200 1003
"GET /admin/courses/materia/ HTTP/1.1" 200 16548
"GET /admin/jsi18n/ HTTP/1.1" 200 8006
"GET /admin/courses/matricula/ HTTP/1.1" 200 17148
"GET /admin/jsi18n/ HTTP/1.1" 200 8006
"GET /admin/courses/materia/ HTTP/1.1" 200 16548
"GET /admin/jsi18n/ HTTP/1.1" 200 8006
"POST /api/v1/auth/logout/ HTTP/1.1" 200 43
"POST /api/v1/auth/login/ HTTP/1.1" 200 712
"GET /api/v1/auth/mis-materias/ HTTP/1.1" 200 1817
"GET /api/v1/auth/mis-materias/ HTTP/1.1" 200 1817
"GET /api/v1/auth/mis-materias/ HTTP/1.1" 200 1817
"GET /api/v1/auth/mis-materias/ HTTP/1.1" 200 1817
"GET /api/v1/materias/1/estudiantes/ HTTP/1.1" 200 2
"GET /api/v1/materias/1/estudiantes/ HTTP/1.1" 200 2
"GET /api/v1/materias/actividades/plantillas/ HTTP/1.1" 200 2
"GET /api/v1/materias/1/actividades/ HTTP/1.1" 200 214
"GET /api/v1/materias/actividades/plantillas/ HTTP/1.1" 200 2
"GET /api/v1/materias/1/actividades/ HTTP/1.1" 200 214
"GET /api/v1/materias/1/centro-notas/ HTTP/1.1" 200 241
"GET /api/v1/materias/1/centro-notas/ HTTP/1.1" 200 241
"GET /api/v1/materias/1/estudiantes/ HTTP/1.1" 200 2
"GET /api/v1/materias/1/estudiantes/ HTTP/1.1" 200 2
"GET /api/v1/materias/1/resumen-asistencia/ HTTP/1.1" 200 2
"GET /admin/courses/matricula/ HTTP/1.1" 200 17148
"GET /admin/jsi18n/ HTTP/1.1" 200 8006
"GET /api/v1/auth/mis-materias/ HTTP/1.1" 200 1817
"GET /api/v1/auth/mis-materias/ HTTP/1.1" 200 1817
"GET /api/v1/auth/mis-materias/ HTTP/1.1" 200 1817
"GET /api/v1/auth/mis-materias/ HTTP/1.1" 200 1817
"GET /api/v1/materias/2/estudiantes/ HTTP/1.1" 200 2
"GET /api/v1/materias/2/estudiantes/ HTTP/1.1" 200 2
"GET /api/v1/auth/mis-materias/ HTTP/1.1" 200 1817
"GET /api/v1/auth/mis-materias/ HTTP/1.1" 200 1817
"GET /api/v1/auth/mis-materias/ HTTP/1.1" 200 1817
"OPTIONS /api/v1/materias/3/estudiantes/ HTTP/1.1" 200 0
"OPTIONS /api/v1/materias/3/estudiantes/ HTTP/1.1" 200 0
"GET /api/v1/auth/mis-materias/ HTTP/1.1" 200 1817
"GET /api/v1/materias/3/estudiantes/ HTTP/1.1" 200 2
"GET /api/v1/materias/3/estudiantes/ HTTP/1.1" 200 2
"GET /api/v1/auth/mis-materias/ HTTP/1.1" 200 1817
"GET /api/v1/auth/mis-materias/ HTTP/1.1" 200 1817
C:\Users\Jonathan\Desktop\sistema-gestion-escolar\backend\courses\models.py changed, reloading.
Watching for file changes with StatReloader
C:\Users\Jonathan\Desktop\sistema-gestion-escolar\backend\courses\admin.py changed, reloading.
Watching for file changes with StatReloader
C:\Users\Jonathan\Desktop\sistema-gestion-escolar\backend\courses\admin.py changed, reloading.
Watching for file changes with StatReloader
"OPTIONS /api/v1/auth/mis-materias/ HTTP/1.1" 200 0
"OPTIONS /api/v1/auth/mis-materias/ HTTP/1.1" 200 0
Unauthorized: /api/v1/auth/mis-materias/
"GET /api/v1/auth/mis-materias/ HTTP/1.1" 401 203
Unauthorized: /api/v1/auth/mis-materias/
"GET /api/v1/auth/mis-materias/ HTTP/1.1" 401 203
"OPTIONS /api/v1/auth/refresh/ HTTP/1.1" 200 0
"POST /api/v1/auth/refresh/ HTTP/1.1" 200 241
"POST /api/v1/auth/refresh/ HTTP/1.1" 200 241
Internal Server Error: /api/v1/auth/mis-materias/
Traceback (most recent call last):
  File "C:\Users\Jonathan\Desktop\sistema-gestion-escolar\backend\venv\Lib\site-packages\django\core\handlers\exception.py", line 55, in inner
    response = get_response(request)
               ^^^^^^^^^^^^^^^^^^^^^
  File "C:\Users\Jonathan\Desktop\sistema-gestion-escolar\backend\venv\Lib\site-packages\django\core\handlers\base.py", line 197, in _get_response
    response = wrapped_callback(request, *callback_args, **callback_kwargs)
               ^^^^^^^^^^^^^^^^^^^^^^^^^^^^^^^^^^^^^^^^^^^^^^^^^^^^^^^^^^^^
  File "C:\Users\Jonathan\Desktop\sistema-gestion-escolar\backend\venv\Lib\site-packages\django\views\decorators\csrf.py", line 56, in wrapper_view
    return view_func(*args, **kwargs)
           ^^^^^^^^^^^^^^^^^^^^^^^^^^
  File "C:\Users\Jonathan\Desktop\sistema-gestion-escolar\backend\venv\Lib\site-packages\django\views\generic\base.py", line 104, in view
    return self.dispatch(request, *args, **kwargs)
           ^^^^^^^^^^^^^^^^^^^^^^^^^^^^^^^^^^^^^^^
  File "C:\Users\Jonathan\Desktop\sistema-gestion-escolar\backend\venv\Lib\site-packages\rest_framework\views.py", line 509, in dispatch
    response = self.handle_exception(exc)
               ^^^^^^^^^^^^^^^^^^^^^^^^^^
  File "C:\Users\Jonathan\Desktop\sistema-gestion-escolar\backend\venv\Lib\site-packages\rest_framework\views.py", line 469, in handle_exception
    self.raise_uncaught_exception(exc)
  File "C:\Users\Jonathan\Desktop\sistema-gestion-escolar\backend\venv\Lib\site-packages\rest_framework\views.py", line 480, in raise_uncaught_exception
    raise exc
  File "C:\Users\Jonathan\Desktop\sistema-gestion-escolar\backend\venv\Lib\site-packages\rest_framework\views.py", line 506, in dispatch
    response = handler(request, *args, **kwargs)
               ^^^^^^^^^^^^^^^^^^^^^^^^^^^^^^^^^
  File "C:\Users\Jonathan\Desktop\sistema-gestion-escolar\backend\venv\Lib\site-packages\rest_framework\decorators.py", line 50, in handler
    return func(*args, **kwargs)
           ^^^^^^^^^^^^^^^^^^^^^
  File "C:\Users\Jonathan\Desktop\sistema-gestion-escolar\backend\accounts\views.py", line 18, in mis_materias
    from courses.models import Materia, Matricula
ImportError: cannot import name 'Matricula' from 'courses.models' (C:\Users\Jonathan\Desktop\sistema-gestion-escolar\backend\courses\models.py)
"GET /api/v1/auth/mis-materias/ HTTP/1.1" 500 106766
Internal Server Error: /api/v1/auth/mis-materias/
Traceback (most recent call last):
  File "C:\Users\Jonathan\Desktop\sistema-gestion-escolar\backend\venv\Lib\site-packages\django\core\handlers\exception.py", line 55, in inner
    response = get_response(request)
               ^^^^^^^^^^^^^^^^^^^^^
  File "C:\Users\Jonathan\Desktop\sistema-gestion-escolar\backend\venv\Lib\site-packages\django\core\handlers\base.py", line 197, in _get_response
    response = wrapped_callback(request, *callback_args, **callback_kwargs)
               ^^^^^^^^^^^^^^^^^^^^^^^^^^^^^^^^^^^^^^^^^^^^^^^^^^^^^^^^^^^^
  File "C:\Users\Jonathan\Desktop\sistema-gestion-escolar\backend\venv\Lib\site-packages\django\views\decorators\csrf.py", line 56, in wrapper_view
    return view_func(*args, **kwargs)
           ^^^^^^^^^^^^^^^^^^^^^^^^^^
  File "C:\Users\Jonathan\Desktop\sistema-gestion-escolar\backend\venv\Lib\site-packages\django\views\generic\base.py", line 104, in view
    return self.dispatch(request, *args, **kwargs)
           ^^^^^^^^^^^^^^^^^^^^^^^^^^^^^^^^^^^^^^^
  File "C:\Users\Jonathan\Desktop\sistema-gestion-escolar\backend\venv\Lib\site-packages\rest_framework\views.py", line 509, in dispatch
    response = self.handle_exception(exc)
               ^^^^^^^^^^^^^^^^^^^^^^^^^^
  File "C:\Users\Jonathan\Desktop\sistema-gestion-escolar\backend\venv\Lib\site-packages\rest_framework\views.py", line 469, in handle_exception
    self.raise_uncaught_exception(exc)
  File "C:\Users\Jonathan\Desktop\sistema-gestion-escolar\backend\venv\Lib\site-packages\rest_framework\views.py", line 480, in raise_uncaught_exception
    raise exc
  File "C:\Users\Jonathan\Desktop\sistema-gestion-escolar\backend\venv\Lib\site-packages\rest_framework\views.py", line 506, in dispatch
    response = handler(request, *args, **kwargs)
               ^^^^^^^^^^^^^^^^^^^^^^^^^^^^^^^^^
  File "C:\Users\Jonathan\Desktop\sistema-gestion-escolar\backend\venv\Lib\site-packages\rest_framework\decorators.py", line 50, in handler
    return func(*args, **kwargs)
           ^^^^^^^^^^^^^^^^^^^^^
  File "C:\Users\Jonathan\Desktop\sistema-gestion-escolar\backend\accounts\views.py", line 18, in mis_materias
    from courses.models import Materia, Matricula
ImportError: cannot import name 'Matricula' from 'courses.models' (C:\Users\Jonathan\Desktop\sistema-gestion-escolar\backend\courses\models.py)
"GET /api/v1/auth/mis-materias/ HTTP/1.1" 500 106766
Not Found: /admin/courses/matricula/
"GET /admin/courses/matricula/ HTTP/1.1" 404 6826
Not Found: /admin/courses/matricula/
"GET /admin/courses/matricula/ HTTP/1.1" 404 6826
Not Found: /admin/courses/matricula/
"GET /admin/courses/matricula/ HTTP/1.1" 404 6826
Not Found: /admin/courses/matricula/
"GET /admin/courses/matricula/ HTTP/1.1" 404 6826
"GET /admin/courses/materia/ HTTP/1.1" 200 16240
"GET /admin/courses/materia/ HTTP/1.1" 200 16240
"GET /static/admin/css/base.css HTTP/1.1" 304 0
"GET /static/admin/css/dark_mode.css HTTP/1.1" 304 0
"GET /static/admin/css/nav_sidebar.css HTTP/1.1" 304 0
"GET /static/admin/css/changelists.css HTTP/1.1" 304 0
"GET /static/admin/js/vendor/jquery/jquery.js HTTP/1.1" 304 0
"GET /static/admin/css/responsive.css HTTP/1.1" 304 0
"GET /static/admin/js/core.js HTTP/1.1" 304 0
"GET /static/admin/js/jquery.init.js HTTP/1.1" 304 0
"GET /static/admin/js/admin/RelatedObjectLookups.js HTTP/1.1" 304 0
"GET /static/admin/js/urlify.js HTTP/1.1" 304 0
"GET /static/admin/js/actions.js HTTP/1.1" 304 0
"GET /static/admin/js/prepopulate.js HTTP/1.1" 304 0
"GET /static/admin/js/vendor/xregexp/xregexp.js HTTP/1.1" 304 0
"GET /static/admin/img/search.svg HTTP/1.1" 304 0
"GET /admin/jsi18n/ HTTP/1.1" 200 8006
"GET /static/admin/js/theme.js HTTP/1.1" 304 0
"GET /static/admin/js/nav_sidebar.js HTTP/1.1" 304 0
"GET /static/admin/js/filters.js HTTP/1.1" 304 0
"GET /admin/accounts/estudiante/ HTTP/1.1" 200 15961
"GET /admin/jsi18n/ HTTP/1.1" 200 8006
"GET /admin/auth/group/ HTTP/1.1" 200 12696
"GET /admin/jsi18n/ HTTP/1.1" 200 8006
"GET /admin/courses/materia/ HTTP/1.1" 200 16240
"GET /admin/jsi18n/ HTTP/1.1" 200 8006
"GET /admin/accounts/curso/ HTTP/1.1" 200 14946
"GET /admin/jsi18n/ HTTP/1.1" 200 8006
"GET /admin/accounts/curso/add/ HTTP/1.1" 200 15728
"GET /admin/jsi18n/ HTTP/1.1" 200 8006
"GET /admin/accounts/curso/ HTTP/1.1" 200 14946
"GET /admin/courses/horariocurso/ HTTP/1.1" 200 13841
"GET /admin/jsi18n/ HTTP/1.1" 200 8006
"GET /admin/courses/clasehorario/ HTTP/1.1" 200 20724
"GET /admin/jsi18n/ HTTP/1.1" 200 8006
"GET /admin/accounts/user/ HTTP/1.1" 200 17274
"GET /static/admin/img/icon-yes.svg HTTP/1.1" 304 0
"GET /admin/jsi18n/ HTTP/1.1" 200 8006
"GET /admin/accounts/user/5/change/ HTTP/1.1" 200 33485
"GET /static/admin/css/forms.css HTTP/1.1" 304 0
"GET /static/admin/js/calendar.js HTTP/1.1" 304 0
"GET /static/admin/js/admin/DateTimeShortcuts.js HTTP/1.1" 304 0
"GET /static/admin/img/icon-addlink.svg HTTP/1.1" 304 0
"GET /static/admin/css/widgets.css HTTP/1.1" 304 0
"GET /static/admin/js/SelectBox.js HTTP/1.1" 304 0
"GET /static/admin/js/SelectFilter2.js HTTP/1.1" 304 0
"GET /static/admin/js/prepopulate_init.js HTTP/1.1" 304 0
"GET /admin/jsi18n/ HTTP/1.1" 200 8006
"GET /static/admin/js/change_form.js HTTP/1.1" 304 0
"GET /static/admin/img/icon-unknown-alt.svg HTTP/1.1" 304 0
"GET /static/admin/img/icon-unknown.svg HTTP/1.1" 304 0
"GET /static/admin/img/icon-clock.svg HTTP/1.1" 304 0
"GET /static/admin/img/icon-calendar.svg HTTP/1.1" 304 0
"GET /static/admin/img/selector-icons.svg HTTP/1.1" 304 0
"GET /admin/accounts/estudiante/ HTTP/1.1" 200 15961
"GET /admin/jsi18n/ HTTP/1.1" 200 8006
"GET /admin/accounts/estudiante/2/change/ HTTP/1.1" 200 19580
"GET /static/admin/img/icon-changelink.svg HTTP/1.1" 304 0
"GET /static/admin/img/icon-viewlink.svg HTTP/1.1" 304 0
"GET /admin/jsi18n/ HTTP/1.1" 200 8006
"GET /static/admin/img/icon-deletelink.svg HTTP/1.1" 304 0
"POST /admin/accounts/estudiante/2/change/ HTTP/1.1" 302 0
"GET /admin/accounts/estudiante/ HTTP/1.1" 200 16201
"GET /admin/jsi18n/ HTTP/1.1" 200 8006
Internal Server Error: /api/v1/auth/mis-materias/
Traceback (most recent call last):
  File "C:\Users\Jonathan\Desktop\sistema-gestion-escolar\backend\venv\Lib\site-packages\django\core\handlers\exception.py", line 55, in inner
    response = get_response(request)
               ^^^^^^^^^^^^^^^^^^^^^
  File "C:\Users\Jonathan\Desktop\sistema-gestion-escolar\backend\venv\Lib\site-packages\django\core\handlers\base.py", line 197, in _get_response
    response = wrapped_callback(request, *callback_args, **callback_kwargs)
               ^^^^^^^^^^^^^^^^^^^^^^^^^^^^^^^^^^^^^^^^^^^^^^^^^^^^^^^^^^^^
  File "C:\Users\Jonathan\Desktop\sistema-gestion-escolar\backend\venv\Lib\site-packages\django\views\decorators\csrf.py", line 56, in wrapper_view
    return view_func(*args, **kwargs)
           ^^^^^^^^^^^^^^^^^^^^^^^^^^
  File "C:\Users\Jonathan\Desktop\sistema-gestion-escolar\backend\venv\Lib\site-packages\django\views\generic\base.py", line 104, in view
    return self.dispatch(request, *args, **kwargs)
           ^^^^^^^^^^^^^^^^^^^^^^^^^^^^^^^^^^^^^^^
  File "C:\Users\Jonathan\Desktop\sistema-gestion-escolar\backend\venv\Lib\site-packages\rest_framework\views.py", line 509, in dispatch
    response = self.handle_exception(exc)
               ^^^^^^^^^^^^^^^^^^^^^^^^^^
  File "C:\Users\Jonathan\Desktop\sistema-gestion-escolar\backend\venv\Lib\site-packages\rest_framework\views.py", line 469, in handle_exception
    self.raise_uncaught_exception(exc)
  File "C:\Users\Jonathan\Desktop\sistema-gestion-escolar\backend\venv\Lib\site-packages\rest_framework\views.py", line 480, in raise_uncaught_exception
    raise exc
  File "C:\Users\Jonathan\Desktop\sistema-gestion-escolar\backend\venv\Lib\site-packages\rest_framework\views.py", line 506, in dispatch
    response = handler(request, *args, **kwargs)
               ^^^^^^^^^^^^^^^^^^^^^^^^^^^^^^^^^
  File "C:\Users\Jonathan\Desktop\sistema-gestion-escolar\backend\venv\Lib\site-packages\rest_framework\decorators.py", line 50, in handler
    return func(*args, **kwargs)
           ^^^^^^^^^^^^^^^^^^^^^
  File "C:\Users\Jonathan\Desktop\sistema-gestion-escolar\backend\accounts\views.py", line 18, in mis_materias
    from courses.models import Materia, Matricula
ImportError: cannot import name 'Matricula' from 'courses.models' (C:\Users\Jonathan\Desktop\sistema-gestion-escolar\backend\courses\models.py)
"GET /api/v1/auth/mis-materias/ HTTP/1.1" 500 106766
Internal Server Error: /api/v1/auth/mis-materias/
Traceback (most recent call last):
  File "C:\Users\Jonathan\Desktop\sistema-gestion-escolar\backend\venv\Lib\site-packages\django\core\handlers\exception.py", line 55, in inner
    response = get_response(request)
               ^^^^^^^^^^^^^^^^^^^^^
  File "C:\Users\Jonathan\Desktop\sistema-gestion-escolar\backend\venv\Lib\site-packages\django\core\handlers\base.py", line 197, in _get_response
    response = wrapped_callback(request, *callback_args, **callback_kwargs)
               ^^^^^^^^^^^^^^^^^^^^^^^^^^^^^^^^^^^^^^^^^^^^^^^^^^^^^^^^^^^^
  File "C:\Users\Jonathan\Desktop\sistema-gestion-escolar\backend\venv\Lib\site-packages\django\views\decorators\csrf.py", line 56, in wrapper_view
    return view_func(*args, **kwargs)
           ^^^^^^^^^^^^^^^^^^^^^^^^^^
  File "C:\Users\Jonathan\Desktop\sistema-gestion-escolar\backend\venv\Lib\site-packages\django\views\generic\base.py", line 104, in view
    return self.dispatch(request, *args, **kwargs)
           ^^^^^^^^^^^^^^^^^^^^^^^^^^^^^^^^^^^^^^^
  File "C:\Users\Jonathan\Desktop\sistema-gestion-escolar\backend\venv\Lib\site-packages\rest_framework\views.py", line 509, in dispatch
    response = self.handle_exception(exc)
               ^^^^^^^^^^^^^^^^^^^^^^^^^^
  File "C:\Users\Jonathan\Desktop\sistema-gestion-escolar\backend\venv\Lib\site-packages\rest_framework\views.py", line 469, in handle_exception
    self.raise_uncaught_exception(exc)
  File "C:\Users\Jonathan\Desktop\sistema-gestion-escolar\backend\venv\Lib\site-packages\rest_framework\views.py", line 480, in raise_uncaught_exception
    raise exc
  File "C:\Users\Jonathan\Desktop\sistema-gestion-escolar\backend\venv\Lib\site-packages\rest_framework\views.py", line 506, in dispatch
    response = handler(request, *args, **kwargs)
               ^^^^^^^^^^^^^^^^^^^^^^^^^^^^^^^^^
  File "C:\Users\Jonathan\Desktop\sistema-gestion-escolar\backend\venv\Lib\site-packages\rest_framework\decorators.py", line 50, in handler
    return func(*args, **kwargs)
           ^^^^^^^^^^^^^^^^^^^^^
  File "C:\Users\Jonathan\Desktop\sistema-gestion-escolar\backend\accounts\views.py", line 18, in mis_materias
    from courses.models import Materia, Matricula
ImportError: cannot import name 'Matricula' from 'courses.models' (C:\Users\Jonathan\Desktop\sistema-gestion-escolar\backend\courses\models.py)
"GET /api/v1/auth/mis-materias/ HTTP/1.1" 500 106766
"GET /admin/courses/materia/ HTTP/1.1" 200 16240
"GET /admin/jsi18n/ HTTP/1.1" 200 8006
"GET /admin/courses/materia/3/change/ HTTP/1.1" 200 20090
"GET /admin/jsi18n/ HTTP/1.1" 200 8006
"POST /admin/courses/materia/3/change/ HTTP/1.1" 302 0
"GET /admin/courses/materia/ HTTP/1.1" 200 16420
"GET /admin/jsi18n/ HTTP/1.1" 200 8006
"GET /admin/courses/materia/3/change/ HTTP/1.1" 200 20090
"GET /admin/jsi18n/ HTTP/1.1" 200 8006
"POST /admin/courses/materia/3/change/ HTTP/1.1" 302 0
"GET /admin/courses/materia/ HTTP/1.1" 200 16453
"GET /admin/jsi18n/ HTTP/1.1" 200 8006
"OPTIONS /api/v1/auth/logout/ HTTP/1.1" 200 0
"POST /api/v1/auth/logout/ HTTP/1.1" 200 43
"OPTIONS /api/v1/auth/login/ HTTP/1.1" 200 0
Bad Request: /api/v1/auth/login/
"POST /api/v1/auth/login/ HTTP/1.1" 400 49
"POST /api/v1/auth/login/ HTTP/1.1" 200 718
Internal Server Error: /api/v1/auth/mis-materias/
Traceback (most recent call last):
  File "C:\Users\Jonathan\Desktop\sistema-gestion-escolar\backend\venv\Lib\site-packages\django\core\handlers\exception.py", line 55, in inner
    response = get_response(request)
               ^^^^^^^^^^^^^^^^^^^^^
  File "C:\Users\Jonathan\Desktop\sistema-gestion-escolar\backend\venv\Lib\site-packages\django\core\handlers\base.py", line 197, in _get_response
    response = wrapped_callback(request, *callback_args, **callback_kwargs)
               ^^^^^^^^^^^^^^^^^^^^^^^^^^^^^^^^^^^^^^^^^^^^^^^^^^^^^^^^^^^^
  File "C:\Users\Jonathan\Desktop\sistema-gestion-escolar\backend\venv\Lib\site-packages\django\views\decorators\csrf.py", line 56, in wrapper_view
    return view_func(*args, **kwargs)
           ^^^^^^^^^^^^^^^^^^^^^^^^^^
  File "C:\Users\Jonathan\Desktop\sistema-gestion-escolar\backend\venv\Lib\site-packages\django\views\generic\base.py", line 104, in view
    return self.dispatch(request, *args, **kwargs)
           ^^^^^^^^^^^^^^^^^^^^^^^^^^^^^^^^^^^^^^^
  File "C:\Users\Jonathan\Desktop\sistema-gestion-escolar\backend\venv\Lib\site-packages\rest_framework\views.py", line 509, in dispatch
    response = self.handle_exception(exc)
               ^^^^^^^^^^^^^^^^^^^^^^^^^^
  File "C:\Users\Jonathan\Desktop\sistema-gestion-escolar\backend\venv\Lib\site-packages\rest_framework\views.py", line 469, in handle_exception
    self.raise_uncaught_exception(exc)
  File "C:\Users\Jonathan\Desktop\sistema-gestion-escolar\backend\venv\Lib\site-packages\rest_framework\views.py", line 480, in raise_uncaught_exception
    raise exc
  File "C:\Users\Jonathan\Desktop\sistema-gestion-escolar\backend\venv\Lib\site-packages\rest_framework\views.py", line 506, in dispatch
    response = handler(request, *args, **kwargs)
               ^^^^^^^^^^^^^^^^^^^^^^^^^^^^^^^^^
  File "C:\Users\Jonathan\Desktop\sistema-gestion-escolar\backend\venv\Lib\site-packages\rest_framework\decorators.py", line 50, in handler
    return func(*args, **kwargs)
           ^^^^^^^^^^^^^^^^^^^^^
  File "C:\Users\Jonathan\Desktop\sistema-gestion-escolar\backend\accounts\views.py", line 18, in mis_materias
    from courses.models import Materia, Matricula
ImportError: cannot import name 'Matricula' from 'courses.models' (C:\Users\Jonathan\Desktop\sistema-gestion-escolar\backend\courses\models.py)
"GET /api/v1/auth/mis-materias/ HTTP/1.1" 500 106765
Internal Server Error: /api/v1/auth/mis-materias/
Traceback (most recent call last):
  File "C:\Users\Jonathan\Desktop\sistema-gestion-escolar\backend\venv\Lib\site-packages\django\core\handlers\exception.py", line 55, in inner
    response = get_response(request)
               ^^^^^^^^^^^^^^^^^^^^^
  File "C:\Users\Jonathan\Desktop\sistema-gestion-escolar\backend\venv\Lib\site-packages\django\core\handlers\base.py", line 197, in _get_response
    response = wrapped_callback(request, *callback_args, **callback_kwargs)
               ^^^^^^^^^^^^^^^^^^^^^^^^^^^^^^^^^^^^^^^^^^^^^^^^^^^^^^^^^^^^
  File "C:\Users\Jonathan\Desktop\sistema-gestion-escolar\backend\venv\Lib\site-packages\django\views\decorators\csrf.py", line 56, in wrapper_view
    return view_func(*args, **kwargs)
           ^^^^^^^^^^^^^^^^^^^^^^^^^^
  File "C:\Users\Jonathan\Desktop\sistema-gestion-escolar\backend\venv\Lib\site-packages\django\views\generic\base.py", line 104, in view
    return self.dispatch(request, *args, **kwargs)
           ^^^^^^^^^^^^^^^^^^^^^^^^^^^^^^^^^^^^^^^
  File "C:\Users\Jonathan\Desktop\sistema-gestion-escolar\backend\venv\Lib\site-packages\rest_framework\views.py", line 509, in dispatch
    response = self.handle_exception(exc)
               ^^^^^^^^^^^^^^^^^^^^^^^^^^
  File "C:\Users\Jonathan\Desktop\sistema-gestion-escolar\backend\venv\Lib\site-packages\rest_framework\views.py", line 469, in handle_exception
    self.raise_uncaught_exception(exc)
  File "C:\Users\Jonathan\Desktop\sistema-gestion-escolar\backend\venv\Lib\site-packages\rest_framework\views.py", line 480, in raise_uncaught_exception
    raise exc
  File "C:\Users\Jonathan\Desktop\sistema-gestion-escolar\backend\venv\Lib\site-packages\rest_framework\views.py", line 506, in dispatch
    response = handler(request, *args, **kwargs)
               ^^^^^^^^^^^^^^^^^^^^^^^^^^^^^^^^^
  File "C:\Users\Jonathan\Desktop\sistema-gestion-escolar\backend\venv\Lib\site-packages\rest_framework\decorators.py", line 50, in handler
    return func(*args, **kwargs)
           ^^^^^^^^^^^^^^^^^^^^^
  File "C:\Users\Jonathan\Desktop\sistema-gestion-escolar\backend\accounts\views.py", line 18, in mis_materias
    from courses.models import Materia, Matricula
ImportError: cannot import name 'Matricula' from 'courses.models' (C:\Users\Jonathan\Desktop\sistema-gestion-escolar\backend\courses\models.py)
"GET /api/v1/auth/mis-materias/ HTTP/1.1" 500 106765
Watching for file changes with StatReloader
Internal Server Error: /api/v1/auth/mis-materias/
Traceback (most recent call last):
  File "C:\Users\Jonathan\Desktop\sistema-gestion-escolar\backend\venv\Lib\site-packages\django\core\handlers\exception.py", line 55, in inner
    response = get_response(request)
               ^^^^^^^^^^^^^^^^^^^^^
  File "C:\Users\Jonathan\Desktop\sistema-gestion-escolar\backend\venv\Lib\site-packages\django\core\handlers\base.py", line 197, in _get_response
    response = wrapped_callback(request, *callback_args, **callback_kwargs)
               ^^^^^^^^^^^^^^^^^^^^^^^^^^^^^^^^^^^^^^^^^^^^^^^^^^^^^^^^^^^^
  File "C:\Users\Jonathan\Desktop\sistema-gestion-escolar\backend\venv\Lib\site-packages\django\views\decorators\csrf.py", line 56, in wrapper_view
    return view_func(*args, **kwargs)
           ^^^^^^^^^^^^^^^^^^^^^^^^^^
  File "C:\Users\Jonathan\Desktop\sistema-gestion-escolar\backend\venv\Lib\site-packages\django\views\generic\base.py", line 104, in view
    return self.dispatch(request, *args, **kwargs)
           ^^^^^^^^^^^^^^^^^^^^^^^^^^^^^^^^^^^^^^^
  File "C:\Users\Jonathan\Desktop\sistema-gestion-escolar\backend\venv\Lib\site-packages\rest_framework\views.py", line 509, in dispatch
    response = self.handle_exception(exc)
               ^^^^^^^^^^^^^^^^^^^^^^^^^^
  File "C:\Users\Jonathan\Desktop\sistema-gestion-escolar\backend\venv\Lib\site-packages\rest_framework\views.py", line 469, in handle_exception
    self.raise_uncaught_exception(exc)
  File "C:\Users\Jonathan\Desktop\sistema-gestion-escolar\backend\venv\Lib\site-packages\rest_framework\views.py", line 480, in raise_uncaught_exception
    raise exc
  File "C:\Users\Jonathan\Desktop\sistema-gestion-escolar\backend\venv\Lib\site-packages\rest_framework\views.py", line 506, in dispatch
    response = handler(request, *args, **kwargs)
               ^^^^^^^^^^^^^^^^^^^^^^^^^^^^^^^^^
  File "C:\Users\Jonathan\Desktop\sistema-gestion-escolar\backend\venv\Lib\site-packages\rest_framework\decorators.py", line 50, in handler
    return func(*args, **kwargs)
           ^^^^^^^^^^^^^^^^^^^^^
  File "C:\Users\Jonathan\Desktop\sistema-gestion-escolar\backend\accounts\views.py", line 18, in mis_materias
    from courses.models import Materia, Matricula
ImportError: cannot import name 'Matricula' from 'courses.models' (C:\Users\Jonathan\Desktop\sistema-gestion-escolar\backend\courses\models.py)
"GET /api/v1/auth/mis-materias/ HTTP/1.1" 500 106765
Internal Server Error: /api/v1/auth/mis-materias/
Traceback (most recent call last):
  File "C:\Users\Jonathan\Desktop\sistema-gestion-escolar\backend\venv\Lib\site-packages\django\core\handlers\exception.py", line 55, in inner
    response = get_response(request)
               ^^^^^^^^^^^^^^^^^^^^^
  File "C:\Users\Jonathan\Desktop\sistema-gestion-escolar\backend\venv\Lib\site-packages\django\core\handlers\base.py", line 197, in _get_response
    response = wrapped_callback(request, *callback_args, **callback_kwargs)
               ^^^^^^^^^^^^^^^^^^^^^^^^^^^^^^^^^^^^^^^^^^^^^^^^^^^^^^^^^^^^
  File "C:\Users\Jonathan\Desktop\sistema-gestion-escolar\backend\venv\Lib\site-packages\django\views\decorators\csrf.py", line 56, in wrapper_view
    return view_func(*args, **kwargs)
           ^^^^^^^^^^^^^^^^^^^^^^^^^^
  File "C:\Users\Jonathan\Desktop\sistema-gestion-escolar\backend\venv\Lib\site-packages\django\views\generic\base.py", line 104, in view
    return self.dispatch(request, *args, **kwargs)
           ^^^^^^^^^^^^^^^^^^^^^^^^^^^^^^^^^^^^^^^
  File "C:\Users\Jonathan\Desktop\sistema-gestion-escolar\backend\venv\Lib\site-packages\rest_framework\views.py", line 509, in dispatch
    response = self.handle_exception(exc)
               ^^^^^^^^^^^^^^^^^^^^^^^^^^
  File "C:\Users\Jonathan\Desktop\sistema-gestion-escolar\backend\venv\Lib\site-packages\rest_framework\views.py", line 469, in handle_exception
    self.raise_uncaught_exception(exc)
  File "C:\Users\Jonathan\Desktop\sistema-gestion-escolar\backend\venv\Lib\site-packages\rest_framework\views.py", line 480, in raise_uncaught_exception
    raise exc
  File "C:\Users\Jonathan\Desktop\sistema-gestion-escolar\backend\venv\Lib\site-packages\rest_framework\views.py", line 506, in dispatch
    response = handler(request, *args, **kwargs)
               ^^^^^^^^^^^^^^^^^^^^^^^^^^^^^^^^^
  File "C:\Users\Jonathan\Desktop\sistema-gestion-escolar\backend\venv\Lib\site-packages\rest_framework\decorators.py", line 50, in handler
    return func(*args, **kwargs)
           ^^^^^^^^^^^^^^^^^^^^^
  File "C:\Users\Jonathan\Desktop\sistema-gestion-escolar\backend\accounts\views.py", line 18, in mis_materias
    from courses.models import Materia, Matricula
ImportError: cannot import name 'Matricula' from 'courses.models' (C:\Users\Jonathan\Desktop\sistema-gestion-escolar\backend\courses\models.py)
"GET /api/v1/auth/mis-materias/ HTTP/1.1" 500 106765
Internal Server Error: /api/v1/auth/mis-materias/
Traceback (most recent call last):
  File "C:\Users\Jonathan\Desktop\sistema-gestion-escolar\backend\venv\Lib\site-packages\django\core\handlers\exception.py", line 55, in inner
    response = get_response(request)
               ^^^^^^^^^^^^^^^^^^^^^
  File "C:\Users\Jonathan\Desktop\sistema-gestion-escolar\backend\venv\Lib\site-packages\django\core\handlers\base.py", line 197, in _get_response
    response = wrapped_callback(request, *callback_args, **callback_kwargs)
               ^^^^^^^^^^^^^^^^^^^^^^^^^^^^^^^^^^^^^^^^^^^^^^^^^^^^^^^^^^^^
  File "C:\Users\Jonathan\Desktop\sistema-gestion-escolar\backend\venv\Lib\site-packages\django\views\decorators\csrf.py", line 56, in wrapper_view
    return view_func(*args, **kwargs)
           ^^^^^^^^^^^^^^^^^^^^^^^^^^
  File "C:\Users\Jonathan\Desktop\sistema-gestion-escolar\backend\venv\Lib\site-packages\django\views\generic\base.py", line 104, in view
    return self.dispatch(request, *args, **kwargs)
           ^^^^^^^^^^^^^^^^^^^^^^^^^^^^^^^^^^^^^^^
  File "C:\Users\Jonathan\Desktop\sistema-gestion-escolar\backend\venv\Lib\site-packages\rest_framework\views.py", line 509, in dispatch
    response = self.handle_exception(exc)
               ^^^^^^^^^^^^^^^^^^^^^^^^^^
  File "C:\Users\Jonathan\Desktop\sistema-gestion-escolar\backend\venv\Lib\site-packages\rest_framework\views.py", line 469, in handle_exception
    self.raise_uncaught_exception(exc)
  File "C:\Users\Jonathan\Desktop\sistema-gestion-escolar\backend\venv\Lib\site-packages\rest_framework\views.py", line 480, in raise_uncaught_exception
    raise exc
  File "C:\Users\Jonathan\Desktop\sistema-gestion-escolar\backend\venv\Lib\site-packages\rest_framework\views.py", line 506, in dispatch
    response = handler(request, *args, **kwargs)
               ^^^^^^^^^^^^^^^^^^^^^^^^^^^^^^^^^
  File "C:\Users\Jonathan\Desktop\sistema-gestion-escolar\backend\venv\Lib\site-packages\rest_framework\decorators.py", line 50, in handler
    return func(*args, **kwargs)
           ^^^^^^^^^^^^^^^^^^^^^
  File "C:\Users\Jonathan\Desktop\sistema-gestion-escolar\backend\accounts\views.py", line 18, in mis_materias
    from courses.models import Materia, Matricula
ImportError: cannot import name 'Matricula' from 'courses.models' (C:\Users\Jonathan\Desktop\sistema-gestion-escolar\backend\courses\models.py)
"GET /api/v1/auth/mis-materias/ HTTP/1.1" 500 106765
Internal Server Error: /api/v1/auth/mis-materias/
Traceback (most recent call last):
  File "C:\Users\Jonathan\Desktop\sistema-gestion-escolar\backend\venv\Lib\site-packages\django\core\handlers\exception.py", line 55, in inner
    response = get_response(request)
               ^^^^^^^^^^^^^^^^^^^^^
  File "C:\Users\Jonathan\Desktop\sistema-gestion-escolar\backend\venv\Lib\site-packages\django\core\handlers\base.py", line 197, in _get_response
    response = wrapped_callback(request, *callback_args, **callback_kwargs)
               ^^^^^^^^^^^^^^^^^^^^^^^^^^^^^^^^^^^^^^^^^^^^^^^^^^^^^^^^^^^^
  File "C:\Users\Jonathan\Desktop\sistema-gestion-escolar\backend\venv\Lib\site-packages\django\views\decorators\csrf.py", line 56, in wrapper_view
    return view_func(*args, **kwargs)
           ^^^^^^^^^^^^^^^^^^^^^^^^^^
  File "C:\Users\Jonathan\Desktop\sistema-gestion-escolar\backend\venv\Lib\site-packages\django\views\generic\base.py", line 104, in view
    return self.dispatch(request, *args, **kwargs)
           ^^^^^^^^^^^^^^^^^^^^^^^^^^^^^^^^^^^^^^^
  File "C:\Users\Jonathan\Desktop\sistema-gestion-escolar\backend\venv\Lib\site-packages\rest_framework\views.py", line 509, in dispatch
    response = self.handle_exception(exc)
               ^^^^^^^^^^^^^^^^^^^^^^^^^^
  File "C:\Users\Jonathan\Desktop\sistema-gestion-escolar\backend\venv\Lib\site-packages\rest_framework\views.py", line 469, in handle_exception
    self.raise_uncaught_exception(exc)
  File "C:\Users\Jonathan\Desktop\sistema-gestion-escolar\backend\venv\Lib\site-packages\rest_framework\views.py", line 480, in raise_uncaught_exception
    raise exc
  File "C:\Users\Jonathan\Desktop\sistema-gestion-escolar\backend\venv\Lib\site-packages\rest_framework\views.py", line 506, in dispatch
    response = handler(request, *args, **kwargs)
               ^^^^^^^^^^^^^^^^^^^^^^^^^^^^^^^^^
  File "C:\Users\Jonathan\Desktop\sistema-gestion-escolar\backend\venv\Lib\site-packages\rest_framework\decorators.py", line 50, in handler
    return func(*args, **kwargs)
           ^^^^^^^^^^^^^^^^^^^^^
  File "C:\Users\Jonathan\Desktop\sistema-gestion-escolar\backend\accounts\views.py", line 18, in mis_materias
    from courses.models import Materia, Matricula
ImportError: cannot import name 'Matricula' from 'courses.models' (C:\Users\Jonathan\Desktop\sistema-gestion-escolar\backend\courses\models.py)
"GET /api/v1/auth/mis-materias/ HTTP/1.1" 500 106765
Internal Server Error: /api/v1/auth/mis-materias/
Traceback (most recent call last):
  File "C:\Users\Jonathan\Desktop\sistema-gestion-escolar\backend\venv\Lib\site-packages\django\core\handlers\exception.py", line 55, in inner
    response = get_response(request)
               ^^^^^^^^^^^^^^^^^^^^^
  File "C:\Users\Jonathan\Desktop\sistema-gestion-escolar\backend\venv\Lib\site-packages\django\core\handlers\base.py", line 197, in _get_response
    response = wrapped_callback(request, *callback_args, **callback_kwargs)
               ^^^^^^^^^^^^^^^^^^^^^^^^^^^^^^^^^^^^^^^^^^^^^^^^^^^^^^^^^^^^
  File "C:\Users\Jonathan\Desktop\sistema-gestion-escolar\backend\venv\Lib\site-packages\django\views\decorators\csrf.py", line 56, in wrapper_view
    return view_func(*args, **kwargs)
           ^^^^^^^^^^^^^^^^^^^^^^^^^^
  File "C:\Users\Jonathan\Desktop\sistema-gestion-escolar\backend\venv\Lib\site-packages\django\views\generic\base.py", line 104, in view
    return self.dispatch(request, *args, **kwargs)
           ^^^^^^^^^^^^^^^^^^^^^^^^^^^^^^^^^^^^^^^
  File "C:\Users\Jonathan\Desktop\sistema-gestion-escolar\backend\venv\Lib\site-packages\rest_framework\views.py", line 509, in dispatch
    response = self.handle_exception(exc)
               ^^^^^^^^^^^^^^^^^^^^^^^^^^
  File "C:\Users\Jonathan\Desktop\sistema-gestion-escolar\backend\venv\Lib\site-packages\rest_framework\views.py", line 469, in handle_exception
    self.raise_uncaught_exception(exc)
  File "C:\Users\Jonathan\Desktop\sistema-gestion-escolar\backend\venv\Lib\site-packages\rest_framework\views.py", line 480, in raise_uncaught_exception
    raise exc
  File "C:\Users\Jonathan\Desktop\sistema-gestion-escolar\backend\venv\Lib\site-packages\rest_framework\views.py", line 506, in dispatch
    response = handler(request, *args, **kwargs)
               ^^^^^^^^^^^^^^^^^^^^^^^^^^^^^^^^^
  File "C:\Users\Jonathan\Desktop\sistema-gestion-escolar\backend\venv\Lib\site-packages\rest_framework\decorators.py", line 50, in handler
    return func(*args, **kwargs)
           ^^^^^^^^^^^^^^^^^^^^^
  File "C:\Users\Jonathan\Desktop\sistema-gestion-escolar\backend\accounts\views.py", line 18, in mis_materias
    from courses.models import Materia, Matricula
ImportError: cannot import name 'Matricula' from 'courses.models' (C:\Users\Jonathan\Desktop\sistema-gestion-escolar\backend\courses\models.py)
"GET /api/v1/auth/mis-materias/ HTTP/1.1" 500 106765
Internal Server Error: /api/v1/auth/mis-materias/
Traceback (most recent call last):
  File "C:\Users\Jonathan\Desktop\sistema-gestion-escolar\backend\venv\Lib\site-packages\django\core\handlers\exception.py", line 55, in inner
    response = get_response(request)
               ^^^^^^^^^^^^^^^^^^^^^
  File "C:\Users\Jonathan\Desktop\sistema-gestion-escolar\backend\venv\Lib\site-packages\django\core\handlers\base.py", line 197, in _get_response
    response = wrapped_callback(request, *callback_args, **callback_kwargs)
               ^^^^^^^^^^^^^^^^^^^^^^^^^^^^^^^^^^^^^^^^^^^^^^^^^^^^^^^^^^^^
  File "C:\Users\Jonathan\Desktop\sistema-gestion-escolar\backend\venv\Lib\site-packages\django\views\decorators\csrf.py", line 56, in wrapper_view
    return view_func(*args, **kwargs)
           ^^^^^^^^^^^^^^^^^^^^^^^^^^
  File "C:\Users\Jonathan\Desktop\sistema-gestion-escolar\backend\venv\Lib\site-packages\django\views\generic\base.py", line 104, in view
    return self.dispatch(request, *args, **kwargs)
           ^^^^^^^^^^^^^^^^^^^^^^^^^^^^^^^^^^^^^^^
  File "C:\Users\Jonathan\Desktop\sistema-gestion-escolar\backend\venv\Lib\site-packages\rest_framework\views.py", line 509, in dispatch
    response = self.handle_exception(exc)
               ^^^^^^^^^^^^^^^^^^^^^^^^^^
  File "C:\Users\Jonathan\Desktop\sistema-gestion-escolar\backend\venv\Lib\site-packages\rest_framework\views.py", line 469, in handle_exception
    self.raise_uncaught_exception(exc)
  File "C:\Users\Jonathan\Desktop\sistema-gestion-escolar\backend\venv\Lib\site-packages\rest_framework\views.py", line 480, in raise_uncaught_exception
    raise exc
  File "C:\Users\Jonathan\Desktop\sistema-gestion-escolar\backend\venv\Lib\site-packages\rest_framework\views.py", line 506, in dispatch
    response = handler(request, *args, **kwargs)
               ^^^^^^^^^^^^^^^^^^^^^^^^^^^^^^^^^
  File "C:\Users\Jonathan\Desktop\sistema-gestion-escolar\backend\venv\Lib\site-packages\rest_framework\decorators.py", line 50, in handler
    return func(*args, **kwargs)
           ^^^^^^^^^^^^^^^^^^^^^
  File "C:\Users\Jonathan\Desktop\sistema-gestion-escolar\backend\accounts\views.py", line 18, in mis_materias
    from courses.models import Materia, Matricula
ImportError: cannot import name 'Matricula' from 'courses.models' (C:\Users\Jonathan\Desktop\sistema-gestion-escolar\backend\courses\models.py)
"GET /api/v1/auth/mis-materias/ HTTP/1.1" 500 106765
Internal Server Error: /api/v1/auth/mis-materias/
Traceback (most recent call last):
  File "C:\Users\Jonathan\Desktop\sistema-gestion-escolar\backend\venv\Lib\site-packages\django\core\handlers\exception.py", line 55, in inner
    response = get_response(request)
               ^^^^^^^^^^^^^^^^^^^^^
  File "C:\Users\Jonathan\Desktop\sistema-gestion-escolar\backend\venv\Lib\site-packages\django\core\handlers\base.py", line 197, in _get_response
    response = wrapped_callback(request, *callback_args, **callback_kwargs)
               ^^^^^^^^^^^^^^^^^^^^^^^^^^^^^^^^^^^^^^^^^^^^^^^^^^^^^^^^^^^^
  File "C:\Users\Jonathan\Desktop\sistema-gestion-escolar\backend\venv\Lib\site-packages\django\views\decorators\csrf.py", line 56, in wrapper_view
    return view_func(*args, **kwargs)
           ^^^^^^^^^^^^^^^^^^^^^^^^^^
  File "C:\Users\Jonathan\Desktop\sistema-gestion-escolar\backend\venv\Lib\site-packages\django\views\generic\base.py", line 104, in view
    return self.dispatch(request, *args, **kwargs)
           ^^^^^^^^^^^^^^^^^^^^^^^^^^^^^^^^^^^^^^^
  File "C:\Users\Jonathan\Desktop\sistema-gestion-escolar\backend\venv\Lib\site-packages\rest_framework\views.py", line 509, in dispatch
    response = self.handle_exception(exc)
               ^^^^^^^^^^^^^^^^^^^^^^^^^^
  File "C:\Users\Jonathan\Desktop\sistema-gestion-escolar\backend\venv\Lib\site-packages\rest_framework\views.py", line 469, in handle_exception
    self.raise_uncaught_exception(exc)
  File "C:\Users\Jonathan\Desktop\sistema-gestion-escolar\backend\venv\Lib\site-packages\rest_framework\views.py", line 480, in raise_uncaught_exception
    raise exc
  File "C:\Users\Jonathan\Desktop\sistema-gestion-escolar\backend\venv\Lib\site-packages\rest_framework\views.py", line 506, in dispatch
    response = handler(request, *args, **kwargs)
               ^^^^^^^^^^^^^^^^^^^^^^^^^^^^^^^^^
  File "C:\Users\Jonathan\Desktop\sistema-gestion-escolar\backend\venv\Lib\site-packages\rest_framework\decorators.py", line 50, in handler
    return func(*args, **kwargs)
           ^^^^^^^^^^^^^^^^^^^^^
  File "C:\Users\Jonathan\Desktop\sistema-gestion-escolar\backend\accounts\views.py", line 18, in mis_materias
    from courses.models import Materia, Matricula
ImportError: cannot import name 'Matricula' from 'courses.models' (C:\Users\Jonathan\Desktop\sistema-gestion-escolar\backend\courses\models.py)
"GET /api/v1/auth/mis-materias/ HTTP/1.1" 500 106765
Internal Server Error: /api/v1/auth/mis-materias/
Traceback (most recent call last):
  File "C:\Users\Jonathan\Desktop\sistema-gestion-escolar\backend\venv\Lib\site-packages\django\core\handlers\exception.py", line 55, in inner
    response = get_response(request)
               ^^^^^^^^^^^^^^^^^^^^^
  File "C:\Users\Jonathan\Desktop\sistema-gestion-escolar\backend\venv\Lib\site-packages\django\core\handlers\base.py", line 197, in _get_response
    response = wrapped_callback(request, *callback_args, **callback_kwargs)
               ^^^^^^^^^^^^^^^^^^^^^^^^^^^^^^^^^^^^^^^^^^^^^^^^^^^^^^^^^^^^
  File "C:\Users\Jonathan\Desktop\sistema-gestion-escolar\backend\venv\Lib\site-packages\django\views\decorators\csrf.py", line 56, in wrapper_view
    return view_func(*args, **kwargs)
           ^^^^^^^^^^^^^^^^^^^^^^^^^^
  File "C:\Users\Jonathan\Desktop\sistema-gestion-escolar\backend\venv\Lib\site-packages\django\views\generic\base.py", line 104, in view
    return self.dispatch(request, *args, **kwargs)
           ^^^^^^^^^^^^^^^^^^^^^^^^^^^^^^^^^^^^^^^
  File "C:\Users\Jonathan\Desktop\sistema-gestion-escolar\backend\venv\Lib\site-packages\rest_framework\views.py", line 509, in dispatch
    response = self.handle_exception(exc)
               ^^^^^^^^^^^^^^^^^^^^^^^^^^
  File "C:\Users\Jonathan\Desktop\sistema-gestion-escolar\backend\venv\Lib\site-packages\rest_framework\views.py", line 469, in handle_exception
    self.raise_uncaught_exception(exc)
  File "C:\Users\Jonathan\Desktop\sistema-gestion-escolar\backend\venv\Lib\site-packages\rest_framework\views.py", line 480, in raise_uncaught_exception
    raise exc
  File "C:\Users\Jonathan\Desktop\sistema-gestion-escolar\backend\venv\Lib\site-packages\rest_framework\views.py", line 506, in dispatch
    response = handler(request, *args, **kwargs)
               ^^^^^^^^^^^^^^^^^^^^^^^^^^^^^^^^^
  File "C:\Users\Jonathan\Desktop\sistema-gestion-escolar\backend\venv\Lib\site-packages\rest_framework\decorators.py", line 50, in handler
    return func(*args, **kwargs)
           ^^^^^^^^^^^^^^^^^^^^^
  File "C:\Users\Jonathan\Desktop\sistema-gestion-escolar\backend\accounts\views.py", line 18, in mis_materias
    from courses.models import Materia, Matricula
ImportError: cannot import name 'Matricula' from 'courses.models' (C:\Users\Jonathan\Desktop\sistema-gestion-escolar\backend\courses\models.py)
"GET /api/v1/auth/mis-materias/ HTTP/1.1" 500 106765
Internal Server Error: /api/v1/auth/mis-materias/
Traceback (most recent call last):
  File "C:\Users\Jonathan\Desktop\sistema-gestion-escolar\backend\venv\Lib\site-packages\django\core\handlers\exception.py", line 55, in inner
    response = get_response(request)
               ^^^^^^^^^^^^^^^^^^^^^
  File "C:\Users\Jonathan\Desktop\sistema-gestion-escolar\backend\venv\Lib\site-packages\django\core\handlers\base.py", line 197, in _get_response
    response = wrapped_callback(request, *callback_args, **callback_kwargs)
               ^^^^^^^^^^^^^^^^^^^^^^^^^^^^^^^^^^^^^^^^^^^^^^^^^^^^^^^^^^^^
  File "C:\Users\Jonathan\Desktop\sistema-gestion-escolar\backend\venv\Lib\site-packages\django\views\decorators\csrf.py", line 56, in wrapper_view
    return view_func(*args, **kwargs)
           ^^^^^^^^^^^^^^^^^^^^^^^^^^
  File "C:\Users\Jonathan\Desktop\sistema-gestion-escolar\backend\venv\Lib\site-packages\django\views\generic\base.py", line 104, in view
    return self.dispatch(request, *args, **kwargs)
           ^^^^^^^^^^^^^^^^^^^^^^^^^^^^^^^^^^^^^^^
  File "C:\Users\Jonathan\Desktop\sistema-gestion-escolar\backend\venv\Lib\site-packages\rest_framework\views.py", line 509, in dispatch
    response = self.handle_exception(exc)
               ^^^^^^^^^^^^^^^^^^^^^^^^^^
  File "C:\Users\Jonathan\Desktop\sistema-gestion-escolar\backend\venv\Lib\site-packages\rest_framework\views.py", line 469, in handle_exception
    self.raise_uncaught_exception(exc)
  File "C:\Users\Jonathan\Desktop\sistema-gestion-escolar\backend\venv\Lib\site-packages\rest_framework\views.py", line 480, in raise_uncaught_exception
    raise exc
  File "C:\Users\Jonathan\Desktop\sistema-gestion-escolar\backend\venv\Lib\site-packages\rest_framework\views.py", line 506, in dispatch
    response = handler(request, *args, **kwargs)
               ^^^^^^^^^^^^^^^^^^^^^^^^^^^^^^^^^
  File "C:\Users\Jonathan\Desktop\sistema-gestion-escolar\backend\venv\Lib\site-packages\rest_framework\decorators.py", line 50, in handler
    return func(*args, **kwargs)
           ^^^^^^^^^^^^^^^^^^^^^
  File "C:\Users\Jonathan\Desktop\sistema-gestion-escolar\backend\accounts\views.py", line 18, in mis_materias
    from courses.models import Materia, Matricula
ImportError: cannot import name 'Matricula' from 'courses.models' (C:\Users\Jonathan\Desktop\sistema-gestion-escolar\backend\courses\models.py)
"GET /api/v1/auth/mis-materias/ HTTP/1.1" 500 106765
Internal Server Error: /api/v1/auth/mis-materias/
Traceback (most recent call last):
  File "C:\Users\Jonathan\Desktop\sistema-gestion-escolar\backend\venv\Lib\site-packages\django\core\handlers\exception.py", line 55, in inner
    response = get_response(request)
               ^^^^^^^^^^^^^^^^^^^^^
  File "C:\Users\Jonathan\Desktop\sistema-gestion-escolar\backend\venv\Lib\site-packages\django\core\handlers\base.py", line 197, in _get_response
    response = wrapped_callback(request, *callback_args, **callback_kwargs)
               ^^^^^^^^^^^^^^^^^^^^^^^^^^^^^^^^^^^^^^^^^^^^^^^^^^^^^^^^^^^^
  File "C:\Users\Jonathan\Desktop\sistema-gestion-escolar\backend\venv\Lib\site-packages\django\views\decorators\csrf.py", line 56, in wrapper_view
    return view_func(*args, **kwargs)
           ^^^^^^^^^^^^^^^^^^^^^^^^^^
  File "C:\Users\Jonathan\Desktop\sistema-gestion-escolar\backend\venv\Lib\site-packages\django\views\generic\base.py", line 104, in view
    return self.dispatch(request, *args, **kwargs)
           ^^^^^^^^^^^^^^^^^^^^^^^^^^^^^^^^^^^^^^^
  File "C:\Users\Jonathan\Desktop\sistema-gestion-escolar\backend\venv\Lib\site-packages\rest_framework\views.py", line 509, in dispatch
    response = self.handle_exception(exc)
               ^^^^^^^^^^^^^^^^^^^^^^^^^^
  File "C:\Users\Jonathan\Desktop\sistema-gestion-escolar\backend\venv\Lib\site-packages\rest_framework\views.py", line 469, in handle_exception
    self.raise_uncaught_exception(exc)
  File "C:\Users\Jonathan\Desktop\sistema-gestion-escolar\backend\venv\Lib\site-packages\rest_framework\views.py", line 480, in raise_uncaught_exception
    raise exc
  File "C:\Users\Jonathan\Desktop\sistema-gestion-escolar\backend\venv\Lib\site-packages\rest_framework\views.py", line 506, in dispatch
    response = handler(request, *args, **kwargs)
               ^^^^^^^^^^^^^^^^^^^^^^^^^^^^^^^^^
  File "C:\Users\Jonathan\Desktop\sistema-gestion-escolar\backend\venv\Lib\site-packages\rest_framework\decorators.py", line 50, in handler
    return func(*args, **kwargs)
           ^^^^^^^^^^^^^^^^^^^^^
  File "C:\Users\Jonathan\Desktop\sistema-gestion-escolar\backend\accounts\views.py", line 18, in mis_materias
    from courses.models import Materia, Matricula
ImportError: cannot import name 'Matricula' from 'courses.models' (C:\Users\Jonathan\Desktop\sistema-gestion-escolar\backend\courses\models.py)
"GET /api/v1/auth/mis-materias/ HTTP/1.1" 500 106765
Internal Server Error: /api/v1/auth/mis-materias/
Traceback (most recent call last):
  File "C:\Users\Jonathan\Desktop\sistema-gestion-escolar\backend\venv\Lib\site-packages\django\core\handlers\exception.py", line 55, in inner
    response = get_response(request)
               ^^^^^^^^^^^^^^^^^^^^^
  File "C:\Users\Jonathan\Desktop\sistema-gestion-escolar\backend\venv\Lib\site-packages\django\core\handlers\base.py", line 197, in _get_response
    response = wrapped_callback(request, *callback_args, **callback_kwargs)
               ^^^^^^^^^^^^^^^^^^^^^^^^^^^^^^^^^^^^^^^^^^^^^^^^^^^^^^^^^^^^
  File "C:\Users\Jonathan\Desktop\sistema-gestion-escolar\backend\venv\Lib\site-packages\django\views\decorators\csrf.py", line 56, in wrapper_view
    return view_func(*args, **kwargs)
           ^^^^^^^^^^^^^^^^^^^^^^^^^^
  File "C:\Users\Jonathan\Desktop\sistema-gestion-escolar\backend\venv\Lib\site-packages\django\views\generic\base.py", line 104, in view
    return self.dispatch(request, *args, **kwargs)
           ^^^^^^^^^^^^^^^^^^^^^^^^^^^^^^^^^^^^^^^
  File "C:\Users\Jonathan\Desktop\sistema-gestion-escolar\backend\venv\Lib\site-packages\rest_framework\views.py", line 509, in dispatch
    response = self.handle_exception(exc)
               ^^^^^^^^^^^^^^^^^^^^^^^^^^
  File "C:\Users\Jonathan\Desktop\sistema-gestion-escolar\backend\venv\Lib\site-packages\rest_framework\views.py", line 469, in handle_exception
    self.raise_uncaught_exception(exc)
  File "C:\Users\Jonathan\Desktop\sistema-gestion-escolar\backend\venv\Lib\site-packages\rest_framework\views.py", line 480, in raise_uncaught_exception
    raise exc
  File "C:\Users\Jonathan\Desktop\sistema-gestion-escolar\backend\venv\Lib\site-packages\rest_framework\views.py", line 506, in dispatch
    response = handler(request, *args, **kwargs)
               ^^^^^^^^^^^^^^^^^^^^^^^^^^^^^^^^^
  File "C:\Users\Jonathan\Desktop\sistema-gestion-escolar\backend\venv\Lib\site-packages\rest_framework\decorators.py", line 50, in handler
    return func(*args, **kwargs)
           ^^^^^^^^^^^^^^^^^^^^^
  File "C:\Users\Jonathan\Desktop\sistema-gestion-escolar\backend\accounts\views.py", line 18, in mis_materias
    from courses.models import Materia, Matricula
ImportError: cannot import name 'Matricula' from 'courses.models' (C:\Users\Jonathan\Desktop\sistema-gestion-escolar\backend\courses\models.py)
"GET /api/v1/auth/mis-materias/ HTTP/1.1" 500 106765
Internal Server Error: /api/v1/auth/mis-materias/
Traceback (most recent call last):
  File "C:\Users\Jonathan\Desktop\sistema-gestion-escolar\backend\venv\Lib\site-packages\django\core\handlers\exception.py", line 55, in inner
    response = get_response(request)
               ^^^^^^^^^^^^^^^^^^^^^
  File "C:\Users\Jonathan\Desktop\sistema-gestion-escolar\backend\venv\Lib\site-packages\django\core\handlers\base.py", line 197, in _get_response
    response = wrapped_callback(request, *callback_args, **callback_kwargs)
               ^^^^^^^^^^^^^^^^^^^^^^^^^^^^^^^^^^^^^^^^^^^^^^^^^^^^^^^^^^^^
  File "C:\Users\Jonathan\Desktop\sistema-gestion-escolar\backend\venv\Lib\site-packages\django\views\decorators\csrf.py", line 56, in wrapper_view
    return view_func(*args, **kwargs)
           ^^^^^^^^^^^^^^^^^^^^^^^^^^
  File "C:\Users\Jonathan\Desktop\sistema-gestion-escolar\backend\venv\Lib\site-packages\django\views\generic\base.py", line 104, in view
    return self.dispatch(request, *args, **kwargs)
           ^^^^^^^^^^^^^^^^^^^^^^^^^^^^^^^^^^^^^^^
  File "C:\Users\Jonathan\Desktop\sistema-gestion-escolar\backend\venv\Lib\site-packages\rest_framework\views.py", line 509, in dispatch
    response = self.handle_exception(exc)
               ^^^^^^^^^^^^^^^^^^^^^^^^^^
  File "C:\Users\Jonathan\Desktop\sistema-gestion-escolar\backend\venv\Lib\site-packages\rest_framework\views.py", line 469, in handle_exception
    self.raise_uncaught_exception(exc)
  File "C:\Users\Jonathan\Desktop\sistema-gestion-escolar\backend\venv\Lib\site-packages\rest_framework\views.py", line 480, in raise_uncaught_exception
    raise exc
  File "C:\Users\Jonathan\Desktop\sistema-gestion-escolar\backend\venv\Lib\site-packages\rest_framework\views.py", line 506, in dispatch
    response = handler(request, *args, **kwargs)
               ^^^^^^^^^^^^^^^^^^^^^^^^^^^^^^^^^
  File "C:\Users\Jonathan\Desktop\sistema-gestion-escolar\backend\venv\Lib\site-packages\rest_framework\decorators.py", line 50, in handler
    return func(*args, **kwargs)
           ^^^^^^^^^^^^^^^^^^^^^
  File "C:\Users\Jonathan\Desktop\sistema-gestion-escolar\backend\accounts\views.py", line 18, in mis_materias
    from courses.models import Materia, Matricula
ImportError: cannot import name 'Matricula' from 'courses.models' (C:\Users\Jonathan\Desktop\sistema-gestion-escolar\backend\courses\models.py)
"GET /api/v1/auth/mis-materias/ HTTP/1.1" 500 106765
C:\Users\Jonathan\Desktop\sistema-gestion-escolar\backend\accounts\views.py changed, reloading.
Watching for file changes with StatReloader
"GET /api/v1/auth/mis-materias/ HTTP/1.1" 200 1817
"GET /api/v1/auth/mis-materias/ HTTP/1.1" 200 1817
"OPTIONS /api/v1/materias/1/resumen-asistencia/ HTTP/1.1" 200 0
"OPTIONS /api/v1/materias/1/centro-notas/ HTTP/1.1" 200 0
"OPTIONS /api/v1/materias/1/centro-notas/ HTTP/1.1" 200 0
"OPTIONS /api/v1/materias/1/resumen-asistencia/ HTTP/1.1" 200 0
"GET /api/v1/materias/1/resumen-asistencia/ HTTP/1.1" 200 96
"GET /api/v1/materias/1/centro-notas/ HTTP/1.1" 200 315
"GET /api/v1/materias/1/resumen-asistencia/ HTTP/1.1" 200 96
"GET /api/v1/materias/1/centro-notas/ HTTP/1.1" 200 315
"OPTIONS /api/v1/materias/2/resumen-asistencia/ HTTP/1.1" 200 0
"OPTIONS /api/v1/materias/2/centro-notas/ HTTP/1.1" 200 0
"GET /api/v1/materias/2/resumen-asistencia/ HTTP/1.1" 200 96
"GET /api/v1/materias/2/centro-notas/ HTTP/1.1" 200 95
"OPTIONS /api/v1/materias/3/resumen-asistencia/ HTTP/1.1" 200 0
"OPTIONS /api/v1/materias/3/centro-notas/ HTTP/1.1" 200 0
"GET /api/v1/materias/3/centro-notas/ HTTP/1.1" 200 95
"GET /api/v1/materias/3/resumen-asistencia/ HTTP/1.1" 200 96
"POST /api/v1/auth/logout/ HTTP/1.1" 200 43
"POST /api/v1/auth/login/ HTTP/1.1" 200 712
"GET /api/v1/auth/mis-materias/ HTTP/1.1" 200 1817
"GET /api/v1/auth/mis-materias/ HTTP/1.1" 200 1817
"GET /api/v1/auth/mis-materias/ HTTP/1.1" 200 1817
"GET /api/v1/auth/mis-materias/ HTTP/1.1" 200 1817
"OPTIONS /api/v1/materias/1/estudiantes/ HTTP/1.1" 200 0
"OPTIONS /api/v1/materias/1/estudiantes/ HTTP/1.1" 200 0
"GET /api/v1/materias/1/estudiantes/ HTTP/1.1" 200 1003
"GET /api/v1/materias/1/estudiantes/ HTTP/1.1" 200 1003
"OPTIONS /api/v1/materias/1/asistencia/?fecha=2026-04-30 HTTP/1.1" 200 0
"OPTIONS /api/v1/materias/1/ultima-asistencia/?antes_de=2026-04-30 HTTP/1.1" 200 0
"GET /api/v1/materias/1/asistencia/?fecha=2026-04-30 HTTP/1.1" 200 2
"GET /api/v1/materias/1/ultima-asistencia/?antes_de=2026-04-30 HTTP/1.1" 200 44
"OPTIONS /api/v1/materias/1/actividades/ HTTP/1.1" 200 0
"OPTIONS /api/v1/materias/1/actividades/ HTTP/1.1" 200 0
"OPTIONS /api/v1/materias/actividades/plantillas/ HTTP/1.1" 200 0
"OPTIONS /api/v1/materias/actividades/plantillas/ HTTP/1.1" 200 0
"GET /api/v1/materias/1/actividades/ HTTP/1.1" 200 214
"GET /api/v1/materias/actividades/plantillas/ HTTP/1.1" 200 2
"GET /api/v1/materias/actividades/plantillas/ HTTP/1.1" 200 2
"GET /api/v1/materias/1/actividades/ HTTP/1.1" 200 214
"GET /api/v1/materias/1/estudiantes/ HTTP/1.1" 200 1003
"GET /api/v1/materias/1/estudiantes/ HTTP/1.1" 200 1003
"GET /api/v1/materias/1/asistencia/?fecha=2026-04-30 HTTP/1.1" 200 2
"GET /api/v1/materias/1/ultima-asistencia/?antes_de=2026-04-30 HTTP/1.1" 200 44
"GET /api/v1/materias/1/resumen-asistencia/ HTTP/1.1" 200 194
Unauthorized: /api/v1/materias/1/actividades/
Unauthorized: /api/v1/materias/actividades/plantillas/
"GET /api/v1/materias/actividades/plantillas/ HTTP/1.1" 401 203
"GET /api/v1/materias/1/actividades/ HTTP/1.1" 401 203
Unauthorized: /api/v1/materias/1/actividades/
Unauthorized: /api/v1/materias/actividades/plantillas/
"GET /api/v1/materias/1/actividades/ HTTP/1.1" 401 203
"GET /api/v1/materias/actividades/plantillas/ HTTP/1.1" 401 203
"POST /api/v1/auth/refresh/ HTTP/1.1" 200 241
"POST /api/v1/auth/refresh/ HTTP/1.1" 200 241
"POST /api/v1/auth/refresh/ HTTP/1.1" 200 241
"POST /api/v1/auth/refresh/ HTTP/1.1" 200 241
"GET /api/v1/materias/actividades/plantillas/ HTTP/1.1" 200 2
"GET /api/v1/materias/1/actividades/ HTTP/1.1" 200 214
"GET /api/v1/materias/actividades/plantillas/ HTTP/1.1" 200 2
"GET /api/v1/materias/1/actividades/ HTTP/1.1" 200 214
"GET /api/v1/materias/1/centro-notas/ HTTP/1.1" 200 393
"GET /api/v1/materias/1/centro-notas/ HTTP/1.1" 200 393
"GET /api/v1/materias/actividades/plantillas/ HTTP/1.1" 200 2
"GET /api/v1/materias/1/actividades/ HTTP/1.1" 200 214
"GET /api/v1/materias/actividades/plantillas/ HTTP/1.1" 200 2
"GET /api/v1/materias/1/actividades/ HTTP/1.1" 200 214
"GET /api/v1/materias/1/estudiantes/ HTTP/1.1" 200 1003
"GET /api/v1/materias/1/estudiantes/ HTTP/1.1" 200 1003
"GET /api/v1/materias/1/asistencia/?fecha=2026-04-30 HTTP/1.1" 200 2
"GET /api/v1/materias/1/ultima-asistencia/?antes_de=2026-04-30 HTTP/1.1" 200 44
"GET /api/v1/auth/mis-materias/ HTTP/1.1" 200 1817
"GET /api/v1/auth/mis-materias/ HTTP/1.1" 200 1817
"OPTIONS /api/v1/auth/mis-materias/ HTTP/1.1" 200 0
"OPTIONS /api/v1/auth/mis-materias/ HTTP/1.1" 200 0
"GET /api/v1/auth/mis-materias/ HTTP/1.1" 200 1817
"GET /api/v1/auth/mis-materias/ HTTP/1.1" 200 1817
"OPTIONS /api/v1/materias/1/estudiantes/ HTTP/1.1" 200 0
"OPTIONS /api/v1/materias/1/estudiantes/ HTTP/1.1" 200 0
"GET /api/v1/materias/1/estudiantes/ HTTP/1.1" 200 1003
"GET /api/v1/materias/1/estudiantes/ HTTP/1.1" 200 1003
"OPTIONS /api/v1/materias/1/asistencia/?fecha=2026-04-30 HTTP/1.1" 200 0
"OPTIONS /api/v1/materias/1/ultima-asistencia/?antes_de=2026-04-30 HTTP/1.1" 200 0
"GET /api/v1/materias/1/asistencia/?fecha=2026-04-30 HTTP/1.1" 200 2
"GET /api/v1/materias/1/ultima-asistencia/?antes_de=2026-04-30 HTTP/1.1" 200 44
"OPTIONS /api/v1/materias/actividades/plantillas/ HTTP/1.1" 200 0
"OPTIONS /api/v1/materias/1/actividades/ HTTP/1.1" 200 0
"OPTIONS /api/v1/materias/1/actividades/ HTTP/1.1" 200 0
"OPTIONS /api/v1/materias/actividades/plantillas/ HTTP/1.1" 200 0
"GET /api/v1/materias/actividades/plantillas/ HTTP/1.1" 200 2
"GET /api/v1/materias/1/actividades/ HTTP/1.1" 200 214
"GET /api/v1/materias/actividades/plantillas/ HTTP/1.1" 200 2
"GET /api/v1/materias/1/actividades/ HTTP/1.1" 200 214
"GET /api/v1/materias/1/estudiantes/ HTTP/1.1" 200 1003
"GET /api/v1/materias/1/estudiantes/ HTTP/1.1" 200 1003
"GET /api/v1/materias/1/asistencia/?fecha=2026-04-30 HTTP/1.1" 200 2
"GET /api/v1/materias/1/ultima-asistencia/?antes_de=2026-04-30 HTTP/1.1" 200 44
"OPTIONS /api/v1/materias/1/centro-notas/ HTTP/1.1" 200 0
"OPTIONS /api/v1/materias/1/centro-notas/ HTTP/1.1" 200 0
"GET /api/v1/materias/1/centro-notas/ HTTP/1.1" 200 393
"GET /api/v1/materias/1/centro-notas/ HTTP/1.1" 200 393
"GET /api/v1/materias/1/estudiantes/ HTTP/1.1" 200 1003
"GET /api/v1/materias/1/estudiantes/ HTTP/1.1" 200 1003
"GET /api/v1/materias/1/ultima-asistencia/?antes_de=2026-04-30 HTTP/1.1" 200 44
"GET /api/v1/materias/1/asistencia/?fecha=2026-04-30 HTTP/1.1" 200 2
"GET /api/v1/auth/mis-materias/ HTTP/1.1" 200 1817
"GET /api/v1/auth/mis-materias/ HTTP/1.1" 200 1817
"GET /api/v1/auth/mis-materias/ HTTP/1.1" 200 1817
"OPTIONS /api/v1/materias/horario/1/ HTTP/1.1" 200 0
"GET /api/v1/materias/horario/1/ HTTP/1.1" 200 1754
Unauthorized: /api/v1/auth/mis-materias/
"GET /api/v1/auth/mis-materias/ HTTP/1.1" 401 203
Unauthorized: /api/v1/auth/mis-materias/
"GET /api/v1/auth/mis-materias/ HTTP/1.1" 401 203
"OPTIONS /api/v1/auth/refresh/ HTTP/1.1" 200 0
"POST /api/v1/auth/refresh/ HTTP/1.1" 200 241
"POST /api/v1/auth/refresh/ HTTP/1.1" 200 241
"GET /api/v1/auth/mis-materias/ HTTP/1.1" 200 1817
"GET /api/v1/auth/mis-materias/ HTTP/1.1" 200 1817
"GET /api/v1/materias/horario/1/ HTTP/1.1" 200 1754
"GET /api/v1/materias/horario/1/ HTTP/1.1" 200 1754
"OPTIONS /api/v1/auth/logout/ HTTP/1.1" 200 0
"POST /api/v1/auth/logout/ HTTP/1.1" 200 43
"OPTIONS /api/v1/auth/login/ HTTP/1.1" 200 0
"POST /api/v1/auth/login/ HTTP/1.1" 200 693
"OPTIONS /api/v1/pagos/ HTTP/1.1" 200 0
"OPTIONS /api/v1/auth/estudiantes/ HTTP/1.1" 200 0
"OPTIONS /api/v1/auth/estudiantes/ HTTP/1.1" 200 0
"OPTIONS /api/v1/auth/docentes/ HTTP/1.1" 200 0
"OPTIONS /api/v1/materias/ HTTP/1.1" 200 0
"OPTIONS /api/v1/materias/ HTTP/1.1" 200 0
"OPTIONS /api/v1/auth/docentes/ HTTP/1.1" 200 0
"OPTIONS /api/v1/pagos/ HTTP/1.1" 200 0
"GET /api/v1/auth/docentes/ HTTP/1.1" 200 376
"GET /api/v1/pagos/ HTTP/1.1" 200 838
"GET /api/v1/auth/estudiantes/ HTTP/1.1" 200 1003
"GET /api/v1/auth/docentes/ HTTP/1.1" 200 376
"GET /api/v1/auth/estudiantes/ HTTP/1.1" 200 1003
"GET /api/v1/materias/ HTTP/1.1" 200 1817
"GET /api/v1/pagos/ HTTP/1.1" 200 838
"GET /api/v1/materias/ HTTP/1.1" 200 1817
"OPTIONS /api/v1/auth/cursos/ HTTP/1.1" 200 0
"OPTIONS /api/v1/auth/cursos/ HTTP/1.1" 200 0
"GET /api/v1/auth/cursos/ HTTP/1.1" 200 100
"GET /api/v1/auth/cursos/ HTTP/1.1" 200 100
"GET /api/v1/materias/ HTTP/1.1" 200 1817
"GET /api/v1/materias/ HTTP/1.1" 200 1817
"GET /api/v1/materias/ HTTP/1.1" 200 1817
"GET /api/v1/materias/horario/1/ HTTP/1.1" 200 1754
"POST /api/v1/materias/horario/1/ HTTP/1.1" 200 1757
"GET /api/v1/materias/ HTTP/1.1" 200 1817
"GET /api/v1/materias/horario/1/ HTTP/1.1" 200 1757
"POST /api/v1/auth/logout/ HTTP/1.1" 200 43
"POST /api/v1/auth/login/ HTTP/1.1" 200 712
"GET /api/v1/auth/mis-materias/ HTTP/1.1" 200 1817
"GET /api/v1/materias/horario/1/ HTTP/1.1" 200 1757
"GET /api/v1/auth/mis-materias/ HTTP/1.1" 200 1817
"GET /api/v1/materias/horario/1/ HTTP/1.1" 200 1757
"GET /api/v1/auth/mis-materias/ HTTP/1.1" 200 1817
"GET /api/v1/auth/mis-materias/ HTTP/1.1" 200 1817
"GET /api/v1/materias/1/estudiantes/ HTTP/1.1" 200 1003
"GET /api/v1/materias/1/estudiantes/ HTTP/1.1" 200 1003
"GET /api/v1/materias/1/asistencia/?fecha=2026-04-30 HTTP/1.1" 200 2
"GET /api/v1/materias/1/ultima-asistencia/?antes_de=2026-04-30 HTTP/1.1" 200 44
"OPTIONS /api/v1/materias/1/resumen-asistencia/ HTTP/1.1" 200 0
"GET /api/v1/materias/1/resumen-asistencia/ HTTP/1.1" 200 194
"GET /api/v1/materias/1/actividades/ HTTP/1.1" 200 214
"GET /api/v1/materias/actividades/plantillas/ HTTP/1.1" 200 2
"GET /api/v1/materias/actividades/plantillas/ HTTP/1.1" 200 2
"GET /api/v1/materias/1/actividades/ HTTP/1.1" 200 214
"GET /api/v1/materias/1/estudiantes/ HTTP/1.1" 200 1003
"GET /api/v1/materias/1/estudiantes/ HTTP/1.1" 200 1003
"GET /api/v1/materias/1/ultima-asistencia/?antes_de=2026-04-30 HTTP/1.1" 200 44
"GET /api/v1/materias/1/asistencia/?fecha=2026-04-30 HTTP/1.1" 200 2
"GET /api/v1/materias/1/centro-notas/ HTTP/1.1" 200 393
"GET /api/v1/materias/1/centro-notas/ HTTP/1.1" 200 393
"GET /api/v1/materias/1/estudiantes/ HTTP/1.1" 200 1003
"GET /api/v1/materias/1/estudiantes/ HTTP/1.1" 200 1003
"GET /api/v1/materias/1/ultima-asistencia/?antes_de=2026-04-30 HTTP/1.1" 200 44
"GET /api/v1/materias/1/asistencia/?fecha=2026-04-30 HTTP/1.1" 200 2
"GET /api/v1/materias/1/actividades/ HTTP/1.1" 200 214
"GET /api/v1/materias/actividades/plantillas/ HTTP/1.1" 200 2
"GET /api/v1/materias/actividades/plantillas/ HTTP/1.1" 200 2
"GET /api/v1/materias/1/actividades/ HTTP/1.1" 200 214
"GET /api/v1/materias/1/estudiantes/ HTTP/1.1" 200 1003
"GET /api/v1/materias/1/estudiantes/ HTTP/1.1" 200 1003
"GET /api/v1/materias/1/asistencia/?fecha=2026-04-30 HTTP/1.1" 200 2
"GET /api/v1/materias/1/ultima-asistencia/?antes_de=2026-04-30 HTTP/1.1" 200 44
"GET /api/v1/auth/mis-materias/ HTTP/1.1" 200 1817
"GET /api/v1/auth/mis-materias/ HTTP/1.1" 200 1817
"GET /api/v1/materias/1/estudiantes/ HTTP/1.1" 200 1003
"GET /api/v1/materias/1/estudiantes/ HTTP/1.1" 200 1003
"GET /api/v1/materias/1/asistencia/?fecha=2026-04-30 HTTP/1.1" 200 2
"GET /api/v1/materias/1/ultima-asistencia/?antes_de=2026-04-30 HTTP/1.1" 200 44
"GET /api/v1/auth/mis-materias/ HTTP/1.1" 200 1817
"GET /api/v1/auth/mis-materias/ HTTP/1.1" 200 1817
"GET /api/v1/materias/1/estudiantes/ HTTP/1.1" 200 1003
"GET /api/v1/materias/1/estudiantes/ HTTP/1.1" 200 1003
"GET /api/v1/materias/1/asistencia/?fecha=2026-04-30 HTTP/1.1" 200 2
"GET /api/v1/materias/1/ultima-asistencia/?antes_de=2026-04-30 HTTP/1.1" 200 44
"GET /api/v1/auth/mis-materias/ HTTP/1.1" 200 1817
"GET /api/v1/auth/mis-materias/ HTTP/1.1" 200 1817
"GET /api/v1/materias/1/estudiantes/ HTTP/1.1" 200 1003
"GET /api/v1/materias/1/estudiantes/ HTTP/1.1" 200 1003
"GET /api/v1/materias/1/ultima-asistencia/?antes_de=2026-04-30 HTTP/1.1" 200 44
"GET /api/v1/materias/1/asistencia/?fecha=2026-04-30 HTTP/1.1" 200 2
"GET /api/v1/auth/mis-materias/ HTTP/1.1" 200 1817
"GET /api/v1/auth/mis-materias/ HTTP/1.1" 200 1817
"GET /api/v1/materias/horario/1/ HTTP/1.1" 200 1757
"GET /api/v1/materias/horario/1/ HTTP/1.1" 200 1757
"GET /api/v1/auth/mis-materias/ HTTP/1.1" 200 1817
"GET /api/v1/auth/mis-materias/ HTTP/1.1" 200 1817
"OPTIONS /api/v1/materias/2/estudiantes/ HTTP/1.1" 200 0
"OPTIONS /api/v1/materias/2/estudiantes/ HTTP/1.1" 200 0
"GET /api/v1/materias/2/estudiantes/ HTTP/1.1" 200 1003
"GET /api/v1/materias/2/estudiantes/ HTTP/1.1" 200 1003
"OPTIONS /api/v1/materias/2/ultima-asistencia/?antes_de=2026-04-30 HTTP/1.1" 200 0
"OPTIONS /api/v1/materias/2/asistencia/?fecha=2026-04-30 HTTP/1.1" 200 0
"GET /api/v1/materias/2/asistencia/?fecha=2026-04-30 HTTP/1.1" 200 2
"GET /api/v1/materias/2/ultima-asistencia/?antes_de=2026-04-30 HTTP/1.1" 200 29
"GET /api/v1/auth/mis-materias/ HTTP/1.1" 200 1817
"GET /api/v1/auth/mis-materias/ HTTP/1.1" 200 1817
"GET /api/v1/materias/horario/1/ HTTP/1.1" 200 1757
"GET /api/v1/materias/horario/1/ HTTP/1.1" 200 1757
"GET /api/v1/auth/mis-materias/ HTTP/1.1" 200 1817
"GET /api/v1/auth/mis-materias/ HTTP/1.1" 200 1817
"GET /api/v1/materias/1/estudiantes/ HTTP/1.1" 200 1003
"GET /api/v1/materias/1/estudiantes/ HTTP/1.1" 200 1003
"GET /api/v1/materias/1/asistencia/?fecha=2026-04-30 HTTP/1.1" 200 2
"GET /api/v1/materias/1/ultima-asistencia/?antes_de=2026-04-30 HTTP/1.1" 200 44
"GET /api/v1/auth/mis-materias/ HTTP/1.1" 200 1817
"GET /api/v1/auth/mis-materias/ HTTP/1.1" 200 1817
"GET /api/v1/materias/horario/1/ HTTP/1.1" 200 1757
"GET /api/v1/materias/horario/1/ HTTP/1.1" 200 1757
"GET /api/v1/auth/mis-materias/ HTTP/1.1" 200 1817
"GET /api/v1/auth/mis-materias/ HTTP/1.1" 200 1817
"GET /api/v1/materias/1/estudiantes/ HTTP/1.1" 200 1003
"GET /api/v1/materias/1/estudiantes/ HTTP/1.1" 200 1003
"GET /api/v1/materias/1/asistencia/?fecha=2026-04-30 HTTP/1.1" 200 2
"GET /api/v1/materias/1/ultima-asistencia/?antes_de=2026-04-30 HTTP/1.1" 200 44
"POST /api/v1/auth/logout/ HTTP/1.1" 200 43
"POST /api/v1/auth/login/ HTTP/1.1" 200 693
"GET /api/v1/auth/estudiantes/ HTTP/1.1" 200 1003
"GET /api/v1/auth/docentes/ HTTP/1.1" 200 376
"GET /api/v1/pagos/ HTTP/1.1" 200 838
"GET /api/v1/materias/ HTTP/1.1" 200 1817
"GET /api/v1/auth/estudiantes/ HTTP/1.1" 200 1003
"GET /api/v1/auth/docentes/ HTTP/1.1" 200 376
"GET /api/v1/pagos/ HTTP/1.1" 200 838
"GET /api/v1/materias/ HTTP/1.1" 200 1817
"GET /api/v1/auth/cursos/ HTTP/1.1" 200 100
"GET /api/v1/auth/cursos/ HTTP/1.1" 200 100
"GET /api/v1/materias/ HTTP/1.1" 200 1817
"GET /api/v1/materias/ HTTP/1.1" 200 1817
"GET /api/v1/materias/ HTTP/1.1" 200 1817
"GET /api/v1/materias/horario/1/ HTTP/1.1" 200 1757
"POST /api/v1/materias/horario/1/ HTTP/1.1" 200 1758
"GET /api/v1/materias/ HTTP/1.1" 200 1817
"GET /api/v1/materias/horario/1/ HTTP/1.1" 200 1758
"POST /api/v1/auth/logout/ HTTP/1.1" 200 43
"POST /api/v1/auth/login/ HTTP/1.1" 200 712
"GET /api/v1/auth/mis-materias/ HTTP/1.1" 200 1817
"GET /api/v1/auth/mis-materias/ HTTP/1.1" 200 1817
"GET /api/v1/materias/horario/1/ HTTP/1.1" 200 1758
"GET /api/v1/materias/horario/1/ HTTP/1.1" 200 1758
"GET /api/v1/auth/mis-materias/ HTTP/1.1" 200 1817
"GET /api/v1/auth/mis-materias/ HTTP/1.1" 200 1817
"GET /api/v1/materias/horario/1/ HTTP/1.1" 200 1758
"GET /api/v1/materias/horario/1/ HTTP/1.1" 200 1758
"GET /admin/courses/clasehorario/ HTTP/1.1" 200 20724
"GET /static/admin/css/base.css HTTP/1.1" 304 0
"GET /static/admin/css/dark_mode.css HTTP/1.1" 304 0
"GET /static/admin/css/nav_sidebar.css HTTP/1.1" 304 0
"GET /static/admin/js/jquery.init.js HTTP/1.1" 304 0
"GET /static/admin/css/changelists.css HTTP/1.1" 304 0
"GET /static/admin/js/core.js HTTP/1.1" 304 0
"GET /static/admin/js/admin/RelatedObjectLookups.js HTTP/1.1" 304 0
"GET /static/admin/js/vendor/jquery/jquery.js HTTP/1.1" 304 0
"GET /static/admin/css/responsive.css HTTP/1.1" 304 0
"GET /static/admin/js/urlify.js HTTP/1.1" 304 0
"GET /static/admin/js/actions.js HTTP/1.1" 304 0
"GET /static/admin/js/prepopulate.js HTTP/1.1" 304 0
"GET /static/admin/js/vendor/xregexp/xregexp.js HTTP/1.1" 304 0
"GET /admin/jsi18n/ HTTP/1.1" 200 8006
"GET /static/admin/js/theme.js HTTP/1.1" 304 0
"GET /static/admin/js/filters.js HTTP/1.1" 304 0
"GET /static/admin/js/nav_sidebar.js HTTP/1.1" 304 0
"GET /static/admin/img/icon-addlink.svg HTTP/1.1" 304 0
"GET /static/admin/img/tooltag-add.svg HTTP/1.1" 304 0
"GET /admin/courses/clasehorario/64/change/ HTTP/1.1" 200 17605
"GET /static/admin/css/forms.css HTTP/1.1" 304 0
"GET /static/admin/img/icon-changelink.svg HTTP/1.1" 304 0
"GET /static/admin/img/icon-viewlink.svg HTTP/1.1" 304 0
"GET /static/admin/css/widgets.css HTTP/1.1" 304 0
"GET /admin/jsi18n/ HTTP/1.1" 200 8006
"GET /static/admin/js/prepopulate_init.js HTTP/1.1" 304 0
"GET /static/admin/img/icon-deletelink.svg HTTP/1.1" 304 0
"GET /static/admin/js/change_form.js HTTP/1.1" 304 0
"POST /admin/courses/clasehorario/64/change/ HTTP/1.1" 302 0
"GET /admin/courses/clasehorario/ HTTP/1.1" 200 20960
"GET /admin/jsi18n/ HTTP/1.1" 200 8006
"GET /static/admin/img/icon-yes.svg HTTP/1.1" 304 0
"GET /api/v1/auth/mis-materias/ HTTP/1.1" 200 1817
"GET /api/v1/auth/mis-materias/ HTTP/1.1" 200 1817
"GET /api/v1/materias/horario/1/ HTTP/1.1" 200 1758
"GET /api/v1/materias/horario/1/ HTTP/1.1" 200 1758
"GET /api/v1/auth/mis-materias/ HTTP/1.1" 200 1817
"GET /api/v1/auth/mis-materias/ HTTP/1.1" 200 1817
"OPTIONS /api/v1/materias/3/estudiantes/ HTTP/1.1" 200 0
"OPTIONS /api/v1/materias/3/estudiantes/ HTTP/1.1" 200 0
"GET /api/v1/materias/3/estudiantes/ HTTP/1.1" 200 1003
"GET /api/v1/materias/3/estudiantes/ HTTP/1.1" 200 1003
"OPTIONS /api/v1/materias/3/ultima-asistencia/?antes_de=2026-04-30 HTTP/1.1" 200 0
"OPTIONS /api/v1/materias/3/asistencia/?fecha=2026-04-30 HTTP/1.1" 200 0
"GET /api/v1/materias/3/ultima-asistencia/?antes_de=2026-04-30 HTTP/1.1" 200 29
"GET /api/v1/materias/3/asistencia/?fecha=2026-04-30 HTTP/1.1" 200 2
"GET /admin/courses/asistencia/ HTTP/1.1" 200 15809
"GET /static/admin/img/search.svg HTTP/1.1" 304 0
"GET /admin/jsi18n/ HTTP/1.1" 200 8006
"GET /static/admin/img/sorting-icons.svg HTTP/1.1" 304 0
"GET /admin/courses/asistencia/1/change/ HTTP/1.1" 200 20788
"GET /admin/jsi18n/ HTTP/1.1" 200 8006
"GET /static/admin/js/admin/DateTimeShortcuts.js HTTP/1.1" 304 0
"GET /static/admin/js/calendar.js HTTP/1.1" 304 0
"GET /static/admin/img/icon-calendar.svg HTTP/1.1" 304 0
"GET /static/admin/img/calendar-icons.svg HTTP/1.1" 304 0
"POST /admin/courses/asistencia/1/change/ HTTP/1.1" 302 0
"GET /admin/courses/asistencia/ HTTP/1.1" 200 16061
"GET /admin/jsi18n/ HTTP/1.1" 200 8006
"GET /api/v1/materias/3/estudiantes/ HTTP/1.1" 200 1003
"GET /api/v1/materias/3/ultima-asistencia/?antes_de=2026-04-30 HTTP/1.1" 200 29
"GET /api/v1/materias/3/asistencia/?fecha=2026-04-30 HTTP/1.1" 200 2
"GET /api/v1/materias/horario/1/ HTTP/1.1" 200 1758
"GET /api/v1/materias/3/asistencia/?fecha=2026-04-30 HTTP/1.1" 200 2
"GET /api/v1/materias/2/asistencia/?fecha=2026-04-30 HTTP/1.1" 200 2
"GET /api/v1/materias/1/asistencia/?fecha=2026-04-30 HTTP/1.1" 200 201
"OPTIONS /api/v1/materias/3/resumen-asistencia/ HTTP/1.1" 200 0
"GET /api/v1/materias/3/resumen-asistencia/ HTTP/1.1" 200 194
"GET /api/v1/materias/horario/1/ HTTP/1.1" 200 1758
"GET /api/v1/materias/3/asistencia/?fecha=2026-04-30 HTTP/1.1" 200 2
"GET /api/v1/materias/2/asistencia/?fecha=2026-04-30 HTTP/1.1" 200 2
"GET /api/v1/materias/1/asistencia/?fecha=2026-04-30 HTTP/1.1" 200 201
"GET /api/v1/materias/3/resumen-asistencia/ HTTP/1.1" 200 194
"GET /admin/courses/clasehorario/ HTTP/1.1" 200 20724
"GET /admin/jsi18n/ HTTP/1.1" 200 8006
"GET /admin/courses/clasehorario/64/change/ HTTP/1.1" 200 17605
"GET /admin/jsi18n/ HTTP/1.1" 200 8006
"GET /admin/courses/horariocurso/ HTTP/1.1" 200 13841
"GET /admin/jsi18n/ HTTP/1.1" 200 8006
"POST /api/v1/auth/logout/ HTTP/1.1" 200 43
"POST /api/v1/auth/login/ HTTP/1.1" 200 712
"GET /api/v1/auth/mis-materias/ HTTP/1.1" 200 1817
"GET /api/v1/auth/mis-materias/ HTTP/1.1" 200 1817
"GET /api/v1/materias/horario/1/ HTTP/1.1" 200 1758
"GET /api/v1/materias/horario/1/ HTTP/1.1" 200 1758
"OPTIONS /api/v1/auth/login/ HTTP/1.1" 200 0
"POST /api/v1/auth/login/ HTTP/1.1" 200 693
"OPTIONS /api/v1/auth/docentes/ HTTP/1.1" 200 0
"OPTIONS /api/v1/auth/estudiantes/ HTTP/1.1" 200 0
"OPTIONS /api/v1/materias/ HTTP/1.1" 200 0
"OPTIONS /api/v1/pagos/ HTTP/1.1" 200 0
"OPTIONS /api/v1/auth/estudiantes/ HTTP/1.1" 200 0
"OPTIONS /api/v1/auth/docentes/ HTTP/1.1" 200 0
"OPTIONS /api/v1/materias/ HTTP/1.1" 200 0
"OPTIONS /api/v1/pagos/ HTTP/1.1" 200 0
"GET /api/v1/auth/docentes/ HTTP/1.1" 200 376
"GET /api/v1/auth/estudiantes/ HTTP/1.1" 200 1003
"GET /api/v1/pagos/ HTTP/1.1" 200 838
"GET /api/v1/auth/docentes/ HTTP/1.1" 200 376
"GET /api/v1/materias/ HTTP/1.1" 200 1817
"GET /api/v1/auth/estudiantes/ HTTP/1.1" 200 1003
"GET /api/v1/pagos/ HTTP/1.1" 200 838
"GET /api/v1/materias/ HTTP/1.1" 200 1817
"OPTIONS /api/v1/auth/cursos/ HTTP/1.1" 200 0
"OPTIONS /api/v1/auth/cursos/ HTTP/1.1" 200 0
"GET /api/v1/auth/cursos/ HTTP/1.1" 200 100
"GET /api/v1/materias/ HTTP/1.1" 200 1817
"GET /api/v1/auth/cursos/ HTTP/1.1" 200 100
"GET /api/v1/materias/ HTTP/1.1" 200 1817
"OPTIONS /api/v1/materias/horario/1/ HTTP/1.1" 200 0
"GET /api/v1/materias/ HTTP/1.1" 200 1817
"GET /api/v1/materias/horario/1/ HTTP/1.1" 200 1758
"POST /api/v1/materias/horario/1/ HTTP/1.1" 200 1759
"GET /api/v1/materias/ HTTP/1.1" 200 1817
"GET /api/v1/materias/horario/1/ HTTP/1.1" 200 1759
"GET /api/v1/auth/mis-materias/ HTTP/1.1" 200 1817
"GET /api/v1/auth/mis-materias/ HTTP/1.1" 200 1817
"GET /api/v1/materias/horario/1/ HTTP/1.1" 200 1759
"GET /api/v1/materias/horario/1/ HTTP/1.1" 200 1759
"GET /api/v1/auth/mis-materias/ HTTP/1.1" 200 1817
"GET /api/v1/auth/mis-materias/ HTTP/1.1" 200 1817
"GET /api/v1/materias/2/estudiantes/ HTTP/1.1" 200 1003
"GET /api/v1/materias/2/estudiantes/ HTTP/1.1" 200 1003
"GET /api/v1/materias/2/ultima-asistencia/?antes_de=2026-04-30 HTTP/1.1" 200 29
"GET /api/v1/materias/2/asistencia/?fecha=2026-04-30 HTTP/1.1" 200 2
"OPTIONS /api/v1/materias/2/asistencia/bulk/ HTTP/1.1" 200 0
"POST /api/v1/materias/2/asistencia/bulk/ HTTP/1.1" 200 404
"GET /api/v1/auth/mis-materias/ HTTP/1.1" 200 1817
"GET /api/v1/auth/mis-materias/ HTTP/1.1" 200 1817
"GET /api/v1/materias/horario/1/ HTTP/1.1" 200 1759
"GET /api/v1/materias/horario/1/ HTTP/1.1" 200 1759
"POST /api/v1/materias/horario/1/ HTTP/1.1" 200 1778
"GET /api/v1/materias/ HTTP/1.1" 200 1817
"GET /api/v1/materias/horario/1/ HTTP/1.1" 200 1778
"GET /api/v1/auth/mis-materias/ HTTP/1.1" 200 1817
"GET /api/v1/auth/mis-materias/ HTTP/1.1" 200 1817
"GET /api/v1/materias/horario/1/ HTTP/1.1" 200 1778
"GET /api/v1/materias/horario/1/ HTTP/1.1" 200 1778
"POST /api/v1/materias/horario/1/ HTTP/1.1" 200 1778
"GET /api/v1/materias/ HTTP/1.1" 200 1817
"GET /api/v1/materias/horario/1/ HTTP/1.1" 200 1778
"GET /api/v1/auth/mis-materias/ HTTP/1.1" 200 1817
"GET /api/v1/auth/mis-materias/ HTTP/1.1" 200 1817
"GET /api/v1/materias/horario/1/ HTTP/1.1" 200 1778
"GET /api/v1/materias/horario/1/ HTTP/1.1" 200 1778
"GET /api/v1/auth/mis-materias/ HTTP/1.1" 200 1817
"GET /api/v1/auth/mis-materias/ HTTP/1.1" 200 1817
"GET /api/v1/materias/2/estudiantes/ HTTP/1.1" 200 1003
"GET /api/v1/materias/2/estudiantes/ HTTP/1.1" 200 1003
"GET /api/v1/materias/2/asistencia/?fecha=2026-04-30 HTTP/1.1" 200 404
"GET /api/v1/materias/2/ultima-asistencia/?antes_de=2026-04-30 HTTP/1.1" 200 29
"OPTIONS /api/v1/materias/2/resumen-asistencia/ HTTP/1.1" 200 0
"GET /api/v1/materias/2/resumen-asistencia/ HTTP/1.1" 200 194
"GET /api/v1/materias/horario/1/ HTTP/1.1" 200 1778
"GET /api/v1/materias/1/asistencia/?fecha=2026-04-30 HTTP/1.1" 200 201
"GET /api/v1/materias/2/asistencia/?fecha=2026-04-30 HTTP/1.1" 200 404
"GET /api/v1/materias/3/asistencia/?fecha=2026-04-30 HTTP/1.1" 200 2
"OPTIONS /api/v1/materias/2/actividades/ HTTP/1.1" 200 0
"OPTIONS /api/v1/materias/2/actividades/ HTTP/1.1" 200 0
"GET /api/v1/materias/actividades/plantillas/ HTTP/1.1" 200 2
"GET /api/v1/materias/2/actividades/ HTTP/1.1" 200 2
"GET /api/v1/materias/actividades/plantillas/ HTTP/1.1" 200 2
"GET /api/v1/materias/2/actividades/ HTTP/1.1" 200 2
"GET /api/v1/materias/2/estudiantes/ HTTP/1.1" 200 1003
"GET /api/v1/materias/2/estudiantes/ HTTP/1.1" 200 1003
"GET /api/v1/materias/2/asistencia/?fecha=2026-04-30 HTTP/1.1" 200 404
"GET /api/v1/materias/2/ultima-asistencia/?antes_de=2026-04-30 HTTP/1.1" 200 29
Unauthorized: /api/v1/auth/logout/
"POST /api/v1/auth/logout/ HTTP/1.1" 401 58
"POST /api/v1/auth/refresh/ HTTP/1.1" 200 241
Unauthorized: /api/v1/auth/logout/
"POST /api/v1/auth/logout/ HTTP/1.1" 401 58
"OPTIONS /api/v1/auth/logout/ HTTP/1.1" 200 0
Unauthorized: /api/v1/auth/logout/
"POST /api/v1/auth/logout/ HTTP/1.1" 401 58
"OPTIONS /api/v1/auth/refresh/ HTTP/1.1" 200 0
"POST /api/v1/auth/refresh/ HTTP/1.1" 200 241
Unauthorized: /api/v1/auth/logout/
"POST /api/v1/auth/logout/ HTTP/1.1" 401 58
"POST /api/v1/auth/login/ HTTP/1.1" 200 739
"GET /api/v1/auth/docentes/ HTTP/1.1" 200 26849
"GET /api/v1/auth/estudiantes/ HTTP/1.1" 200 255183
"GET /api/v1/pagos/ HTTP/1.1" 200 2
"GET /api/v1/auth/docentes/ HTTP/1.1" 200 26849
"GET /api/v1/auth/estudiantes/ HTTP/1.1" 200 255183
"GET /api/v1/pagos/ HTTP/1.1" 200 2
"GET /api/v1/materias/ HTTP/1.1" 200 291363
"GET /api/v1/materias/ HTTP/1.1" 200 291363
"POST /api/v1/auth/login/ HTTP/1.1" 200 741
"GET /api/v1/auth/docentes/ HTTP/1.1" 200 26849
"GET /api/v1/auth/estudiantes/ HTTP/1.1" 200 255183
"GET /api/v1/pagos/ HTTP/1.1" 200 2
"GET /api/v1/auth/docentes/ HTTP/1.1" 200 26849
"GET /api/v1/auth/estudiantes/ HTTP/1.1" 200 255183
"GET /api/v1/pagos/ HTTP/1.1" 200 2
"GET /api/v1/materias/ HTTP/1.1" 200 291363
"GET /api/v1/materias/ HTTP/1.1" 200 291363
"POST /api/v1/auth/logout/ HTTP/1.1" 200 43
"POST /api/v1/auth/login/ HTTP/1.1" 200 732
"GET /api/v1/auth/mis-materias/ HTTP/1.1" 200 2632
"OPTIONS /api/v1/materias/horario/4/ HTTP/1.1" 200 0
"OPTIONS /api/v1/materias/horario/2/ HTTP/1.1" 200 0
"OPTIONS /api/v1/materias/horario/5/ HTTP/1.1" 200 0
"OPTIONS /api/v1/materias/horario/3/ HTTP/1.1" 200 0
"GET /api/v1/auth/mis-materias/ HTTP/1.1" 200 2632
"GET /api/v1/materias/horario/2/ HTTP/1.1" 200 2273
"GET /api/v1/materias/horario/4/ HTTP/1.1" 200 2293
"GET /api/v1/materias/horario/3/ HTTP/1.1" 200 2293
"GET /api/v1/materias/horario/5/ HTTP/1.1" 200 2293
"GET /api/v1/materias/horario/2/ HTTP/1.1" 200 2273
"GET /api/v1/materias/horario/3/ HTTP/1.1" 200 2293
"GET /api/v1/materias/horario/4/ HTTP/1.1" 200 2293
"GET /api/v1/materias/horario/5/ HTTP/1.1" 200 2293
"POST /api/v1/auth/logout/ HTTP/1.1" 200 43
"GET /admin/accounts/estudiante/ HTTP/1.1" 200 61765
"GET /admin/jsi18n/ HTTP/1.1" 200 8006
"POST /api/v1/auth/login/ HTTP/1.1" 200 742
"OPTIONS /api/v1/auth/mis-materias/ HTTP/1.1" 200 0
"OPTIONS /api/v1/auth/mis-materias/ HTTP/1.1" 200 0
"GET /api/v1/auth/mis-materias/ HTTP/1.1" 200 5322
"GET /api/v1/auth/mis-materias/ HTTP/1.1" 200 5322
"GET /api/v1/auth/mis-materias/ HTTP/1.1" 200 2632
"GET /api/v1/auth/mis-materias/ HTTP/1.1" 200 2632
"OPTIONS /api/v1/materias/4/estudiantes/ HTTP/1.1" 200 0
"OPTIONS /api/v1/materias/4/estudiantes/ HTTP/1.1" 200 0
"GET /api/v1/materias/4/estudiantes/ HTTP/1.1" 200 5269
"GET /api/v1/materias/4/estudiantes/ HTTP/1.1" 200 5269
"OPTIONS /api/v1/materias/4/asistencia/?fecha=2026-04-30 HTTP/1.1" 200 0
"OPTIONS /api/v1/materias/4/ultima-asistencia/?antes_de=2026-04-30 HTTP/1.1" 200 0
"GET /api/v1/materias/4/ultima-asistencia/?antes_de=2026-04-30 HTTP/1.1" 200 119
"GET /api/v1/materias/4/asistencia/?fecha=2026-04-30 HTTP/1.1" 200 2035
"OPTIONS /api/v1/materias/4/resumen-asistencia/ HTTP/1.1" 200 0
"GET /api/v1/materias/4/resumen-asistencia/ HTTP/1.1" 200 945
"GET /api/v1/materias/horario/2/ HTTP/1.1" 200 2273
"OPTIONS /api/v1/materias/7/asistencia/?fecha=2026-04-30 HTTP/1.1" 200 0
"OPTIONS /api/v1/materias/11/asistencia/?fecha=2026-04-30 HTTP/1.1" 200 0
"OPTIONS /api/v1/materias/5/asistencia/?fecha=2026-04-30 HTTP/1.1" 200 0
"OPTIONS /api/v1/materias/8/asistencia/?fecha=2026-04-30 HTTP/1.1" 200 0
"GET /api/v1/materias/4/asistencia/?fecha=2026-04-30 HTTP/1.1" 200 2035
"GET /api/v1/materias/7/asistencia/?fecha=2026-04-30 HTTP/1.1" 200 2
"GET /api/v1/materias/8/asistencia/?fecha=2026-04-30 HTTP/1.1" 200 2045
"GET /api/v1/materias/5/asistencia/?fecha=2026-04-30 HTTP/1.1" 200 2045
"GET /api/v1/materias/11/asistencia/?fecha=2026-04-30 HTTP/1.1" 200 2055
"OPTIONS /api/v1/materias/4/actividades/ HTTP/1.1" 200 0
"OPTIONS /api/v1/materias/4/actividades/ HTTP/1.1" 200 0
"GET /api/v1/materias/actividades/plantillas/ HTTP/1.1" 200 2
"GET /api/v1/materias/4/actividades/ HTTP/1.1" 200 1262
"GET /api/v1/materias/actividades/plantillas/ HTTP/1.1" 200 2
"GET /api/v1/materias/4/actividades/ HTTP/1.1" 200 1262
"OPTIONS /api/v1/materias/4/centro-notas/ HTTP/1.1" 200 0
"OPTIONS /api/v1/materias/4/centro-notas/ HTTP/1.1" 200 0
"GET /api/v1/materias/4/centro-notas/ HTTP/1.1" 200 2462
"GET /api/v1/materias/4/centro-notas/ HTTP/1.1" 200 2462
"OPTIONS /api/v1/materias/notas/ HTTP/1.1" 200 0
"POST /api/v1/materias/notas/ HTTP/1.1" 200 207
"GET /api/v1/materias/4/centro-notas/ HTTP/1.1" 200 2462
"GET /api/v1/materias/4/estudiantes/ HTTP/1.1" 200 5269
"GET /api/v1/materias/4/estudiantes/ HTTP/1.1" 200 5269
"GET /api/v1/materias/4/asistencia/?fecha=2026-04-30 HTTP/1.1" 200 2035
"GET /api/v1/materias/4/ultima-asistencia/?antes_de=2026-04-30 HTTP/1.1" 200 119
"GET /api/v1/materias/actividades/plantillas/ HTTP/1.1" 200 2
"GET /api/v1/materias/4/actividades/ HTTP/1.1" 200 1262
"GET /api/v1/materias/actividades/plantillas/ HTTP/1.1" 200 2
"GET /api/v1/materias/4/actividades/ HTTP/1.1" 200 1262
"GET /api/v1/materias/4/centro-notas/ HTTP/1.1" 200 2462
"GET /api/v1/materias/4/centro-notas/ HTTP/1.1" 200 2462
"GET /api/v1/auth/mis-materias/ HTTP/1.1" 200 2632
"GET /api/v1/auth/mis-materias/ HTTP/1.1" 200 2632
"GET /api/v1/materias/horario/5/ HTTP/1.1" 200 2293
"GET /api/v1/materias/horario/4/ HTTP/1.1" 200 2293
"GET /api/v1/materias/horario/2/ HTTP/1.1" 200 2273
"GET /api/v1/materias/horario/3/ HTTP/1.1" 200 2293
"GET /api/v1/materias/horario/5/ HTTP/1.1" 200 2293
"GET /api/v1/materias/horario/2/ HTTP/1.1" 200 2273
"GET /api/v1/materias/horario/3/ HTTP/1.1" 200 2293
"GET /api/v1/materias/horario/4/ HTTP/1.1" 200 2293
"OPTIONS /api/v1/materias/60/centro-notas/ HTTP/1.1" 200 0
"OPTIONS /api/v1/materias/60/resumen-asistencia/ HTTP/1.1" 200 0
"OPTIONS /api/v1/materias/60/centro-notas/ HTTP/1.1" 200 0
"OPTIONS /api/v1/materias/60/resumen-asistencia/ HTTP/1.1" 200 0
"GET /api/v1/materias/60/resumen-asistencia/ HTTP/1.1" 200 96
"GET /api/v1/materias/60/centro-notas/ HTTP/1.1" 200 1442
"GET /api/v1/materias/60/centro-notas/ HTTP/1.1" 200 1442
"GET /api/v1/materias/60/resumen-asistencia/ HTTP/1.1" 200 96
"OPTIONS /api/v1/materias/61/centro-notas/ HTTP/1.1" 200 0
"OPTIONS /api/v1/materias/61/resumen-asistencia/ HTTP/1.1" 200 0
"GET /api/v1/materias/61/centro-notas/ HTTP/1.1" 200 1443
"GET /api/v1/materias/61/resumen-asistencia/ HTTP/1.1" 200 96
"OPTIONS /api/v1/materias/62/centro-notas/ HTTP/1.1" 200 0
"OPTIONS /api/v1/materias/62/resumen-asistencia/ HTTP/1.1" 200 0
"GET /api/v1/materias/62/centro-notas/ HTTP/1.1" 200 1443
"GET /api/v1/materias/62/resumen-asistencia/ HTTP/1.1" 200 96
"OPTIONS /api/v1/materias/63/centro-notas/ HTTP/1.1" 200 0
"OPTIONS /api/v1/materias/63/resumen-asistencia/ HTTP/1.1" 200 0
"GET /api/v1/materias/63/centro-notas/ HTTP/1.1" 200 1443
"GET /api/v1/materias/63/resumen-asistencia/ HTTP/1.1" 200 96
"OPTIONS /api/v1/materias/64/centro-notas/ HTTP/1.1" 200 0
"OPTIONS /api/v1/materias/64/resumen-asistencia/ HTTP/1.1" 200 0
"GET /api/v1/materias/64/resumen-asistencia/ HTTP/1.1" 200 96
"GET /api/v1/materias/64/centro-notas/ HTTP/1.1" 200 1441
"OPTIONS /api/v1/materias/65/centro-notas/ HTTP/1.1" 200 0
"OPTIONS /api/v1/materias/65/resumen-asistencia/ HTTP/1.1" 200 0
"GET /api/v1/materias/65/centro-notas/ HTTP/1.1" 200 1442
"GET /api/v1/materias/65/resumen-asistencia/ HTTP/1.1" 200 96
"OPTIONS /api/v1/materias/66/centro-notas/ HTTP/1.1" 200 0
"OPTIONS /api/v1/materias/66/resumen-asistencia/ HTTP/1.1" 200 0
"GET /api/v1/materias/66/resumen-asistencia/ HTTP/1.1" 200 96
"GET /api/v1/materias/66/centro-notas/ HTTP/1.1" 200 1443
"OPTIONS /api/v1/materias/67/centro-notas/ HTTP/1.1" 200 0
"OPTIONS /api/v1/materias/67/resumen-asistencia/ HTTP/1.1" 200 0
"GET /api/v1/materias/67/resumen-asistencia/ HTTP/1.1" 200 96
"GET /api/v1/materias/67/centro-notas/ HTTP/1.1" 200 1440
"GET /api/v1/materias/65/resumen-asistencia/ HTTP/1.1" 200 96
"GET /api/v1/materias/65/centro-notas/ HTTP/1.1" 200 1442
"GET /api/v1/materias/62/centro-notas/ HTTP/1.1" 200 1443
"GET /api/v1/materias/62/resumen-asistencia/ HTTP/1.1" 200 96
"GET /api/v1/materias/60/resumen-asistencia/ HTTP/1.1" 200 96
"GET /api/v1/materias/60/centro-notas/ HTTP/1.1" 200 1442
"GET /api/v1/materias/61/centro-notas/ HTTP/1.1" 200 1443
"GET /api/v1/materias/61/resumen-asistencia/ HTTP/1.1" 200 96
"GET /api/v1/materias/60/resumen-asistencia/ HTTP/1.1" 200 96
"GET /api/v1/materias/60/centro-notas/ HTTP/1.1" 200 1442
"GET /api/v1/materias/61/resumen-asistencia/ HTTP/1.1" 200 96
"GET /api/v1/materias/61/centro-notas/ HTTP/1.1" 200 1443
"GET /api/v1/materias/62/centro-notas/ HTTP/1.1" 200 1443
"GET /api/v1/materias/62/resumen-asistencia/ HTTP/1.1" 200 96
"GET /api/v1/materias/63/resumen-asistencia/ HTTP/1.1" 200 96
"GET /api/v1/materias/63/centro-notas/ HTTP/1.1" 200 1443
"GET /api/v1/materias/64/resumen-asistencia/ HTTP/1.1" 200 96
"GET /api/v1/materias/64/centro-notas/ HTTP/1.1" 200 1441
"GET /api/v1/materias/65/resumen-asistencia/ HTTP/1.1" 200 96
"GET /api/v1/materias/65/centro-notas/ HTTP/1.1" 200 1442
"GET /api/v1/materias/66/centro-notas/ HTTP/1.1" 200 1443
"GET /api/v1/materias/66/resumen-asistencia/ HTTP/1.1" 200 96
"GET /api/v1/auth/mis-materias/ HTTP/1.1" 200 5322
"OPTIONS /api/v1/materias/horario/9/ HTTP/1.1" 200 0
"OPTIONS /api/v1/materias/horario/9/ HTTP/1.1" 200 0
"GET /api/v1/materias/horario/9/ HTTP/1.1" 200 2293
"GET /api/v1/materias/horario/9/ HTTP/1.1" 200 2293
"GET /api/v1/materias/horario/9/ HTTP/1.1" 200 2293
"GET /api/v1/materias/horario/9/ HTTP/1.1" 200 2293
"GET /api/v1/materias/horario/9/ HTTP/1.1" 200 2293
"GET /api/v1/materias/horario/9/ HTTP/1.1" 200 2293
C:\Users\Jonathan\Desktop\sistema-gestion-escolar\backend\courses\models.py changed, reloading.
Watching for file changes with StatReloader
C:\Users\Jonathan\Desktop\sistema-gestion-escolar\backend\courses\serializers.py changed, reloading.
Watching for file changes with StatReloader
C:\Users\Jonathan\Desktop\sistema-gestion-escolar\backend\courses\views.py changed, reloading.
Watching for file changes with StatReloader
C:\Users\Jonathan\Desktop\sistema-gestion-escolar\backend\courses\views.py changed, reloading.
Watching for file changes with StatReloader
C:\Users\Jonathan\Desktop\sistema-gestion-escolar\backend\courses\views.py changed, reloading.
Watching for file changes with StatReloader
C:\Users\Jonathan\Desktop\sistema-gestion-escolar\backend\courses\urls.py changed, reloading.
Watching for file changes with StatReloader
Unauthorized: /api/v1/auth/mis-materias/
"GET /api/v1/auth/mis-materias/ HTTP/1.1" 401 58
Unauthorized: /api/v1/auth/mis-materias/
"GET /api/v1/auth/mis-materias/ HTTP/1.1" 401 58
"POST /api/v1/auth/refresh/ HTTP/1.1" 200 241
"POST /api/v1/auth/refresh/ HTTP/1.1" 200 241
Unauthorized: /api/v1/auth/mis-materias/
"GET /api/v1/auth/mis-materias/ HTTP/1.1" 401 58
Unauthorized: /api/v1/auth/mis-materias/
"GET /api/v1/auth/mis-materias/ HTTP/1.1" 401 58
Unauthorized: /api/v1/auth/mis-materias/
"GET /api/v1/auth/mis-materias/ HTTP/1.1" 401 58
Unauthorized: /api/v1/auth/mis-materias/
"GET /api/v1/auth/mis-materias/ HTTP/1.1" 401 58
"POST /api/v1/auth/refresh/ HTTP/1.1" 200 244
"POST /api/v1/auth/refresh/ HTTP/1.1" 200 244
Unauthorized: /api/v1/auth/mis-materias/
"GET /api/v1/auth/mis-materias/ HTTP/1.1" 401 58
Unauthorized: /api/v1/auth/mis-materias/
"GET /api/v1/auth/mis-materias/ HTTP/1.1" 401 58
Unauthorized: /api/v1/auth/logout/
"POST /api/v1/auth/logout/ HTTP/1.1" 401 58
"POST /api/v1/auth/refresh/ HTTP/1.1" 200 241
Unauthorized: /api/v1/auth/logout/
"POST /api/v1/auth/logout/ HTTP/1.1" 401 58
Unauthorized: /api/v1/auth/logout/
"POST /api/v1/auth/logout/ HTTP/1.1" 401 58
"POST /api/v1/auth/refresh/ HTTP/1.1" 200 244
Unauthorized: /api/v1/auth/logout/
"POST /api/v1/auth/logout/ HTTP/1.1" 401 58
"POST /api/v1/auth/login/ HTTP/1.1" 200 740
"GET /api/v1/auth/mis-materias/ HTTP/1.1" 200 2653
"OPTIONS /api/v1/materias/horario/51/ HTTP/1.1" 200 0
"OPTIONS /api/v1/materias/horario/53/ HTTP/1.1" 200 0
"OPTIONS /api/v1/materias/horario/50/ HTTP/1.1" 200 0
"OPTIONS /api/v1/materias/horario/52/ HTTP/1.1" 200 0
"GET /api/v1/auth/mis-materias/ HTTP/1.1" 200 2653
"GET /api/v1/materias/horario/51/ HTTP/1.1" 200 2349
"GET /api/v1/materias/horario/53/ HTTP/1.1" 200 2349
"GET /api/v1/materias/horario/50/ HTTP/1.1" 200 2349
"GET /api/v1/materias/horario/52/ HTTP/1.1" 200 2349
"GET /api/v1/materias/horario/51/ HTTP/1.1" 200 2349
"GET /api/v1/materias/horario/50/ HTTP/1.1" 200 2349
"GET /api/v1/materias/horario/53/ HTTP/1.1" 200 2349
"GET /api/v1/materias/horario/52/ HTTP/1.1" 200 2349
"GET /api/v1/auth/mis-materias/ HTTP/1.1" 200 2653
"GET /api/v1/auth/mis-materias/ HTTP/1.1" 200 2653
"GET /api/v1/materias/horario/50/ HTTP/1.1" 200 2349
"GET /api/v1/materias/horario/51/ HTTP/1.1" 200 2349
"GET /api/v1/materias/horario/53/ HTTP/1.1" 200 2349
"GET /api/v1/materias/horario/52/ HTTP/1.1" 200 2349
"GET /api/v1/materias/horario/51/ HTTP/1.1" 200 2349
"GET /api/v1/materias/horario/52/ HTTP/1.1" 200 2349
"GET /api/v1/materias/horario/53/ HTTP/1.1" 200 2349
"GET /api/v1/materias/horario/50/ HTTP/1.1" 200 2349
Bad Request: /api/v1/auth/login/
"POST /api/v1/auth/login/ HTTP/1.1" 400 49
Bad Request: /api/v1/auth/login/
"POST /api/v1/auth/login/ HTTP/1.1" 400 49
"POST /api/v1/auth/login/ HTTP/1.1" 200 742
"GET /api/v1/auth/mis-materias/ HTTP/1.1" 200 5348
"GET /api/v1/auth/mis-materias/ HTTP/1.1" 200 5348
"OPTIONS /api/v1/materias/horario/57/ HTTP/1.1" 200 0
"OPTIONS /api/v1/materias/horario/57/ HTTP/1.1" 200 0
"GET /api/v1/materias/horario/57/ HTTP/1.1" 200 2349
"GET /api/v1/materias/horario/57/ HTTP/1.1" 200 2349
"OPTIONS /api/v1/materias/492/centro-notas/ HTTP/1.1" 200 0
"OPTIONS /api/v1/materias/492/resumen-asistencia/ HTTP/1.1" 200 0
"OPTIONS /api/v1/materias/492/centro-notas/ HTTP/1.1" 200 0
"OPTIONS /api/v1/materias/492/resumen-asistencia/ HTTP/1.1" 200 0
"GET /api/v1/materias/492/resumen-asistencia/ HTTP/1.1" 200 97
"GET /api/v1/materias/492/centro-notas/ HTTP/1.1" 200 1213
"GET /api/v1/materias/492/resumen-asistencia/ HTTP/1.1" 200 97
"GET /api/v1/materias/492/centro-notas/ HTTP/1.1" 200 1213
"GET /api/v1/auth/mis-materias/ HTTP/1.1" 200 2653
"GET /api/v1/auth/mis-materias/ HTTP/1.1" 200 2653
"OPTIONS /api/v1/materias/436/estudiantes/ HTTP/1.1" 200 0
"OPTIONS /api/v1/materias/436/estudiantes/ HTTP/1.1" 200 0
"GET /api/v1/materias/436/estudiantes/ HTTP/1.1" 200 5306
"GET /api/v1/materias/436/estudiantes/ HTTP/1.1" 200 5306
"OPTIONS /api/v1/materias/436/asistencia/?fecha=2026-05-01 HTTP/1.1" 200 0
"OPTIONS /api/v1/materias/436/ultima-asistencia/?antes_de=2026-05-01 HTTP/1.1" 200 0
"GET /api/v1/materias/436/asistencia/?fecha=2026-05-01 HTTP/1.1" 200 2
"GET /api/v1/materias/436/ultima-asistencia/?antes_de=2026-05-01 HTTP/1.1" 200 136
"OPTIONS /api/v1/materias/436/resumen-asistencia/ HTTP/1.1" 200 0
"GET /api/v1/materias/436/resumen-asistencia/ HTTP/1.1" 200 962
"GET /api/v1/materias/horario/50/ HTTP/1.1" 200 2349
"OPTIONS /api/v1/materias/437/asistencia/?fecha=2026-05-01 HTTP/1.1" 200 0
"OPTIONS /api/v1/materias/441/asistencia/?fecha=2026-05-01 HTTP/1.1" 200 0
"OPTIONS /api/v1/materias/438/asistencia/?fecha=2026-05-01 HTTP/1.1" 200 0
"GET /api/v1/materias/436/asistencia/?fecha=2026-05-01 HTTP/1.1" 200 2
"GET /api/v1/materias/441/asistencia/?fecha=2026-05-01 HTTP/1.1" 200 2
"GET /api/v1/materias/438/asistencia/?fecha=2026-05-01 HTTP/1.1" 200 2
"GET /api/v1/materias/437/asistencia/?fecha=2026-05-01 HTTP/1.1" 200 2
"GET /api/v1/materias/436/resumen-asistencia/ HTTP/1.1" 200 962
"OPTIONS /api/v1/materias/436/centro-notas/?trimestre=T1 HTTP/1.1" 200 0
"OPTIONS /api/v1/materias/436/centro-notas/?trimestre=T1 HTTP/1.1" 200 0
"GET /api/v1/materias/436/centro-notas/?trimestre=T1 HTTP/1.1" 200 2348
"GET /api/v1/materias/436/centro-notas/?trimestre=T1 HTTP/1.1" 200 2348
"OPTIONS /api/v1/materias/436/centro-notas/?trimestre=T2 HTTP/1.1" 200 0
"GET /api/v1/materias/436/centro-notas/?trimestre=T2 HTTP/1.1" 200 699
"OPTIONS /api/v1/materias/436/centro-notas/?trimestre=T3 HTTP/1.1" 200 0
"GET /api/v1/materias/436/centro-notas/?trimestre=T3 HTTP/1.1" 200 699
"GET /api/v1/materias/436/centro-notas/?trimestre=T2 HTTP/1.1" 200 699
"GET /api/v1/materias/436/centro-notas/?trimestre=T1 HTTP/1.1" 200 2348
"OPTIONS /api/v1/materias/436/notas/exportar/?trimestre=T1 HTTP/1.1" 200 0
Internal Server Error: /api/v1/materias/436/notas/exportar/
Traceback (most recent call last):
  File "C:\Users\Jonathan\Desktop\sistema-gestion-escolar\backend\venv\Lib\site-packages\django\core\handlers\exception.py", line 55, in inner
    response = get_response(request)
               ^^^^^^^^^^^^^^^^^^^^^
  File "C:\Users\Jonathan\Desktop\sistema-gestion-escolar\backend\venv\Lib\site-packages\django\core\handlers\base.py", line 197, in _get_response
    response = wrapped_callback(request, *callback_args, **callback_kwargs)
               ^^^^^^^^^^^^^^^^^^^^^^^^^^^^^^^^^^^^^^^^^^^^^^^^^^^^^^^^^^^^
  File "C:\Users\Jonathan\Desktop\sistema-gestion-escolar\backend\venv\Lib\site-packages\django\views\decorators\csrf.py", line 56, in wrapper_view
    return view_func(*args, **kwargs)
           ^^^^^^^^^^^^^^^^^^^^^^^^^^
  File "C:\Users\Jonathan\Desktop\sistema-gestion-escolar\backend\venv\Lib\site-packages\django\views\generic\base.py", line 104, in view
    return self.dispatch(request, *args, **kwargs)
           ^^^^^^^^^^^^^^^^^^^^^^^^^^^^^^^^^^^^^^^
  File "C:\Users\Jonathan\Desktop\sistema-gestion-escolar\backend\venv\Lib\site-packages\rest_framework\views.py", line 509, in dispatch
    response = self.handle_exception(exc)
               ^^^^^^^^^^^^^^^^^^^^^^^^^^
  File "C:\Users\Jonathan\Desktop\sistema-gestion-escolar\backend\venv\Lib\site-packages\rest_framework\views.py", line 469, in handle_exception
    self.raise_uncaught_exception(exc)
  File "C:\Users\Jonathan\Desktop\sistema-gestion-escolar\backend\venv\Lib\site-packages\rest_framework\views.py", line 480, in raise_uncaught_exception
    raise exc
  File "C:\Users\Jonathan\Desktop\sistema-gestion-escolar\backend\venv\Lib\site-packages\rest_framework\views.py", line 506, in dispatch
    response = handler(request, *args, **kwargs)
               ^^^^^^^^^^^^^^^^^^^^^^^^^^^^^^^^^
  File "C:\Users\Jonathan\Desktop\sistema-gestion-escolar\backend\venv\Lib\site-packages\rest_framework\decorators.py", line 50, in handler
    return func(*args, **kwargs)
           ^^^^^^^^^^^^^^^^^^^^^
  File "C:\Users\Jonathan\Desktop\sistema-gestion-escolar\backend\courses\views.py", line 567, in exportar_notas
    import openpyxl
ModuleNotFoundError: No module named 'openpyxl'
"GET /api/v1/materias/436/notas/exportar/?trimestre=T1 HTTP/1.1" 500 106419
Watching for file changes with StatReloader
Internal Server Error: /api/v1/materias/436/notas/exportar/
Traceback (most recent call last):
  File "C:\Users\Jonathan\Desktop\sistema-gestion-escolar\backend\venv\Lib\site-packages\django\core\handlers\exception.py", line 55, in inner
    response = get_response(request)
               ^^^^^^^^^^^^^^^^^^^^^
  File "C:\Users\Jonathan\Desktop\sistema-gestion-escolar\backend\venv\Lib\site-packages\django\core\handlers\base.py", line 197, in _get_response
    response = wrapped_callback(request, *callback_args, **callback_kwargs)
               ^^^^^^^^^^^^^^^^^^^^^^^^^^^^^^^^^^^^^^^^^^^^^^^^^^^^^^^^^^^^
  File "C:\Users\Jonathan\Desktop\sistema-gestion-escolar\backend\venv\Lib\site-packages\django\views\decorators\csrf.py", line 56, in wrapper_view
    return view_func(*args, **kwargs)
           ^^^^^^^^^^^^^^^^^^^^^^^^^^
  File "C:\Users\Jonathan\Desktop\sistema-gestion-escolar\backend\venv\Lib\site-packages\django\views\generic\base.py", line 104, in view
    return self.dispatch(request, *args, **kwargs)
           ^^^^^^^^^^^^^^^^^^^^^^^^^^^^^^^^^^^^^^^
  File "C:\Users\Jonathan\Desktop\sistema-gestion-escolar\backend\venv\Lib\site-packages\rest_framework\views.py", line 509, in dispatch
    response = self.handle_exception(exc)
               ^^^^^^^^^^^^^^^^^^^^^^^^^^
  File "C:\Users\Jonathan\Desktop\sistema-gestion-escolar\backend\venv\Lib\site-packages\rest_framework\views.py", line 469, in handle_exception
    self.raise_uncaught_exception(exc)
  File "C:\Users\Jonathan\Desktop\sistema-gestion-escolar\backend\venv\Lib\site-packages\rest_framework\views.py", line 480, in raise_uncaught_exception
    raise exc
  File "C:\Users\Jonathan\Desktop\sistema-gestion-escolar\backend\venv\Lib\site-packages\rest_framework\views.py", line 506, in dispatch
    response = handler(request, *args, **kwargs)
               ^^^^^^^^^^^^^^^^^^^^^^^^^^^^^^^^^
  File "C:\Users\Jonathan\Desktop\sistema-gestion-escolar\backend\venv\Lib\site-packages\rest_framework\decorators.py", line 50, in handler
    return func(*args, **kwargs)
           ^^^^^^^^^^^^^^^^^^^^^
  File "C:\Users\Jonathan\Desktop\sistema-gestion-escolar\backend\courses\views.py", line 567, in exportar_notas
    import openpyxl
ModuleNotFoundError: No module named 'openpyxl'
"GET /api/v1/materias/436/notas/exportar/?trimestre=T1 HTTP/1.1" 500 106419
Watching for file changes with StatReloader
"GET /api/v1/auth/mis-materias/ HTTP/1.1" 200 2653
"GET /api/v1/auth/mis-materias/ HTTP/1.1" 200 2653
"GET /api/v1/materias/436/estudiantes/ HTTP/1.1" 200 5306
"GET /api/v1/materias/436/estudiantes/ HTTP/1.1" 200 5306
"GET /api/v1/materias/436/asistencia/?fecha=2026-05-01 HTTP/1.1" 200 2
"GET /api/v1/materias/436/ultima-asistencia/?antes_de=2026-05-01 HTTP/1.1" 200 136
"OPTIONS /api/v1/materias/436/actividades/ HTTP/1.1" 200 0
"OPTIONS /api/v1/materias/436/actividades/ HTTP/1.1" 200 0
"GET /api/v1/materias/436/actividades/ HTTP/1.1" 200 1061
"GET /api/v1/materias/436/actividades/ HTTP/1.1" 200 1061
"GET /api/v1/materias/436/centro-notas/?trimestre=T1 HTTP/1.1" 200 2348
"GET /api/v1/materias/436/centro-notas/?trimestre=T1 HTTP/1.1" 200 2348
Internal Server Error: /api/v1/materias/436/notas/exportar/
Traceback (most recent call last):
  File "C:\Users\Jonathan\Desktop\sistema-gestion-escolar\backend\venv\Lib\site-packages\django\core\handlers\exception.py", line 55, in inner
    response = get_response(request)
               ^^^^^^^^^^^^^^^^^^^^^
  File "C:\Users\Jonathan\Desktop\sistema-gestion-escolar\backend\venv\Lib\site-packages\django\core\handlers\base.py", line 197, in _get_response
    response = wrapped_callback(request, *callback_args, **callback_kwargs)
               ^^^^^^^^^^^^^^^^^^^^^^^^^^^^^^^^^^^^^^^^^^^^^^^^^^^^^^^^^^^^
  File "C:\Users\Jonathan\Desktop\sistema-gestion-escolar\backend\venv\Lib\site-packages\django\views\decorators\csrf.py", line 56, in wrapper_view
    return view_func(*args, **kwargs)
           ^^^^^^^^^^^^^^^^^^^^^^^^^^
  File "C:\Users\Jonathan\Desktop\sistema-gestion-escolar\backend\venv\Lib\site-packages\django\views\generic\base.py", line 104, in view
    return self.dispatch(request, *args, **kwargs)
           ^^^^^^^^^^^^^^^^^^^^^^^^^^^^^^^^^^^^^^^
  File "C:\Users\Jonathan\Desktop\sistema-gestion-escolar\backend\venv\Lib\site-packages\rest_framework\views.py", line 509, in dispatch
    response = self.handle_exception(exc)
               ^^^^^^^^^^^^^^^^^^^^^^^^^^
  File "C:\Users\Jonathan\Desktop\sistema-gestion-escolar\backend\venv\Lib\site-packages\rest_framework\views.py", line 469, in handle_exception
    self.raise_uncaught_exception(exc)
  File "C:\Users\Jonathan\Desktop\sistema-gestion-escolar\backend\venv\Lib\site-packages\rest_framework\views.py", line 480, in raise_uncaught_exception
    raise exc
  File "C:\Users\Jonathan\Desktop\sistema-gestion-escolar\backend\venv\Lib\site-packages\rest_framework\views.py", line 506, in dispatch
    response = handler(request, *args, **kwargs)
               ^^^^^^^^^^^^^^^^^^^^^^^^^^^^^^^^^
  File "C:\Users\Jonathan\Desktop\sistema-gestion-escolar\backend\venv\Lib\site-packages\rest_framework\decorators.py", line 50, in handler
    return func(*args, **kwargs)
           ^^^^^^^^^^^^^^^^^^^^^
  File "C:\Users\Jonathan\Desktop\sistema-gestion-escolar\backend\courses\views.py", line 567, in exportar_notas
    import openpyxl
ModuleNotFoundError: No module named 'openpyxl'
"GET /api/v1/materias/436/notas/exportar/?trimestre=T1 HTTP/1.1" 500 106419
Watching for file changes with StatReloader
"OPTIONS /api/v1/auth/login/ HTTP/1.1" 200 0
"POST /api/v1/auth/login/ HTTP/1.1" 200 740
"OPTIONS /api/v1/auth/mis-materias/ HTTP/1.1" 200 0
"OPTIONS /api/v1/auth/mis-materias/ HTTP/1.1" 200 0
"GET /api/v1/auth/mis-materias/ HTTP/1.1" 200 2653
"OPTIONS /api/v1/materias/horario/50/ HTTP/1.1" 200 0
"OPTIONS /api/v1/materias/horario/51/ HTTP/1.1" 200 0
"OPTIONS /api/v1/materias/horario/52/ HTTP/1.1" 200 0
"OPTIONS /api/v1/materias/horario/53/ HTTP/1.1" 200 0
"GET /api/v1/auth/mis-materias/ HTTP/1.1" 200 2653
"GET /api/v1/materias/horario/50/ HTTP/1.1" 200 2349
"GET /api/v1/materias/horario/51/ HTTP/1.1" 200 2349
"GET /api/v1/materias/horario/52/ HTTP/1.1" 200 2349
"GET /api/v1/materias/horario/53/ HTTP/1.1" 200 2349
"GET /api/v1/materias/horario/51/ HTTP/1.1" 200 2349
"GET /api/v1/materias/horario/50/ HTTP/1.1" 200 2349
"GET /api/v1/materias/horario/52/ HTTP/1.1" 200 2349
"GET /api/v1/materias/horario/53/ HTTP/1.1" 200 2349
"GET /api/v1/auth/mis-materias/ HTTP/1.1" 200 2653
"GET /api/v1/auth/mis-materias/ HTTP/1.1" 200 2653
"OPTIONS /api/v1/materias/436/estudiantes/ HTTP/1.1" 200 0
"OPTIONS /api/v1/materias/436/estudiantes/ HTTP/1.1" 200 0
"GET /api/v1/materias/436/estudiantes/ HTTP/1.1" 200 5306
"GET /api/v1/materias/436/estudiantes/ HTTP/1.1" 200 5306
"OPTIONS /api/v1/materias/436/ultima-asistencia/?antes_de=2026-05-01 HTTP/1.1" 200 0
"OPTIONS /api/v1/materias/436/asistencia/?fecha=2026-05-01 HTTP/1.1" 200 0
"GET /api/v1/materias/436/asistencia/?fecha=2026-05-01 HTTP/1.1" 200 2
"GET /api/v1/materias/436/ultima-asistencia/?antes_de=2026-05-01 HTTP/1.1" 200 136
"OPTIONS /api/v1/materias/436/actividades/ HTTP/1.1" 200 0
"OPTIONS /api/v1/materias/436/actividades/ HTTP/1.1" 200 0
"GET /api/v1/materias/436/actividades/ HTTP/1.1" 200 1061
"GET /api/v1/materias/436/actividades/ HTTP/1.1" 200 1061
"OPTIONS /api/v1/materias/436/centro-notas/?trimestre=T1 HTTP/1.1" 200 0
"OPTIONS /api/v1/materias/436/centro-notas/?trimestre=T1 HTTP/1.1" 200 0
"GET /api/v1/materias/436/centro-notas/?trimestre=T1 HTTP/1.1" 200 2348
"GET /api/v1/materias/436/centro-notas/?trimestre=T1 HTTP/1.1" 200 2348
"OPTIONS /api/v1/materias/436/notas/exportar/?trimestre=T1 HTTP/1.1" 200 0
Internal Server Error: /api/v1/materias/436/notas/exportar/
Traceback (most recent call last):
  File "C:\Users\Jonathan\Desktop\sistema-gestion-escolar\backend\venv\Lib\site-packages\django\core\handlers\exception.py", line 55, in inner
    response = get_response(request)
               ^^^^^^^^^^^^^^^^^^^^^
  File "C:\Users\Jonathan\Desktop\sistema-gestion-escolar\backend\venv\Lib\site-packages\django\core\handlers\base.py", line 197, in _get_response
    response = wrapped_callback(request, *callback_args, **callback_kwargs)
               ^^^^^^^^^^^^^^^^^^^^^^^^^^^^^^^^^^^^^^^^^^^^^^^^^^^^^^^^^^^^
  File "C:\Users\Jonathan\Desktop\sistema-gestion-escolar\backend\venv\Lib\site-packages\django\views\decorators\csrf.py", line 56, in wrapper_view
    return view_func(*args, **kwargs)
           ^^^^^^^^^^^^^^^^^^^^^^^^^^
  File "C:\Users\Jonathan\Desktop\sistema-gestion-escolar\backend\venv\Lib\site-packages\django\views\generic\base.py", line 104, in view
    return self.dispatch(request, *args, **kwargs)
           ^^^^^^^^^^^^^^^^^^^^^^^^^^^^^^^^^^^^^^^
  File "C:\Users\Jonathan\Desktop\sistema-gestion-escolar\backend\venv\Lib\site-packages\rest_framework\views.py", line 509, in dispatch
    response = self.handle_exception(exc)
               ^^^^^^^^^^^^^^^^^^^^^^^^^^
  File "C:\Users\Jonathan\Desktop\sistema-gestion-escolar\backend\venv\Lib\site-packages\rest_framework\views.py", line 469, in handle_exception
    self.raise_uncaught_exception(exc)
  File "C:\Users\Jonathan\Desktop\sistema-gestion-escolar\backend\venv\Lib\site-packages\rest_framework\views.py", line 480, in raise_uncaught_exception
    raise exc
  File "C:\Users\Jonathan\Desktop\sistema-gestion-escolar\backend\venv\Lib\site-packages\rest_framework\views.py", line 506, in dispatch
    response = handler(request, *args, **kwargs)
               ^^^^^^^^^^^^^^^^^^^^^^^^^^^^^^^^^
  File "C:\Users\Jonathan\Desktop\sistema-gestion-escolar\backend\venv\Lib\site-packages\rest_framework\decorators.py", line 50, in handler
    return func(*args, **kwargs)
           ^^^^^^^^^^^^^^^^^^^^^
  File "C:\Users\Jonathan\Desktop\sistema-gestion-escolar\backend\courses\views.py", line 567, in exportar_notas
    import openpyxl
ModuleNotFoundError: No module named 'openpyxl'
"GET /api/v1/materias/436/notas/exportar/?trimestre=T1 HTTP/1.1" 500 106419
Watching for file changes with StatReloader
"GET /api/v1/auth/mis-materias/ HTTP/1.1" 200 2653
"GET /api/v1/auth/mis-materias/ HTTP/1.1" 200 2653
"GET /api/v1/materias/436/estudiantes/ HTTP/1.1" 200 5306
"GET /api/v1/materias/436/estudiantes/ HTTP/1.1" 200 5306
"GET /api/v1/materias/436/asistencia/?fecha=2026-05-01 HTTP/1.1" 200 2
"GET /api/v1/materias/436/ultima-asistencia/?antes_de=2026-05-01 HTTP/1.1" 200 136
"GET /api/v1/materias/436/actividades/ HTTP/1.1" 200 1061
"GET /api/v1/materias/436/actividades/ HTTP/1.1" 200 1061
"GET /api/v1/materias/436/centro-notas/?trimestre=T1 HTTP/1.1" 200 2348
"GET /api/v1/materias/436/centro-notas/?trimestre=T1 HTTP/1.1" 200 2348
"GET /api/v1/materias/436/notas/exportar/?trimestre=T1 HTTP/1.1" 200 6180
"GET /api/v1/materias/436/actividades/ HTTP/1.1" 200 1061
"GET /api/v1/materias/436/actividades/ HTTP/1.1" 200 1061
"GET /api/v1/materias/436/centro-notas/?trimestre=T1 HTTP/1.1" 200 2348
"GET /api/v1/materias/436/centro-notas/?trimestre=T1 HTTP/1.1" 200 2348
"OPTIONS /api/v1/materias/436/centro-notas/?trimestre=T2 HTTP/1.1" 200 0
"GET /api/v1/materias/436/centro-notas/?trimestre=T2 HTTP/1.1" 200 699
"OPTIONS /api/v1/materias/436/centro-notas/?trimestre=T3 HTTP/1.1" 200 0
"GET /api/v1/materias/436/centro-notas/?trimestre=T3 HTTP/1.1" 200 699
"GET /api/v1/materias/436/centro-notas/?trimestre=T1 HTTP/1.1" 200 2348
"GET /api/v1/materias/436/centro-notas/?trimestre=T2 HTTP/1.1" 200 699
"GET /api/v1/materias/436/centro-notas/?trimestre=T3 HTTP/1.1" 200 699
"GET /api/v1/materias/436/centro-notas/?trimestre=T1 HTTP/1.1" 200 2348
"GET /api/v1/materias/436/actividades/ HTTP/1.1" 200 1061
"GET /api/v1/materias/436/actividades/ HTTP/1.1" 200 1061
"GET /api/v1/materias/436/estudiantes/ HTTP/1.1" 200 5306
"GET /api/v1/materias/436/estudiantes/ HTTP/1.1" 200 5306
"GET /api/v1/materias/436/asistencia/?fecha=2026-05-01 HTTP/1.1" 200 2
"GET /api/v1/materias/436/ultima-asistencia/?antes_de=2026-05-01 HTTP/1.1" 200 136
"GET /api/v1/materias/436/centro-notas/?trimestre=T1 HTTP/1.1" 200 2348
"GET /api/v1/materias/436/centro-notas/?trimestre=T1 HTTP/1.1" 200 2348
"GET /api/v1/materias/436/actividades/ HTTP/1.1" 200 1061
"GET /api/v1/materias/436/actividades/ HTTP/1.1" 200 1061
"GET /api/v1/materias/436/estudiantes/ HTTP/1.1" 200 5306
"GET /api/v1/materias/436/estudiantes/ HTTP/1.1" 200 5306
"GET /api/v1/materias/436/asistencia/?fecha=2026-05-01 HTTP/1.1" 200 2
"GET /api/v1/materias/436/ultima-asistencia/?antes_de=2026-05-01 HTTP/1.1" 200 136
"OPTIONS /api/v1/materias/436/resumen-asistencia/ HTTP/1.1" 200 0
"GET /api/v1/materias/436/resumen-asistencia/ HTTP/1.1" 200 962
"GET /api/v1/materias/horario/50/ HTTP/1.1" 200 2349
"OPTIONS /api/v1/materias/438/asistencia/?fecha=2026-05-01 HTTP/1.1" 200 0
"OPTIONS /api/v1/materias/437/asistencia/?fecha=2026-05-01 HTTP/1.1" 200 0
"OPTIONS /api/v1/materias/441/asistencia/?fecha=2026-05-01 HTTP/1.1" 200 0
"GET /api/v1/materias/436/asistencia/?fecha=2026-05-01 HTTP/1.1" 200 2
"GET /api/v1/materias/437/asistencia/?fecha=2026-05-01 HTTP/1.1" 200 2
"GET /api/v1/materias/438/asistencia/?fecha=2026-05-01 HTTP/1.1" 200 2
"GET /api/v1/materias/441/asistencia/?fecha=2026-05-01 HTTP/1.1" 200 2
"GET /api/v1/materias/436/actividades/ HTTP/1.1" 200 1061
"GET /api/v1/materias/436/actividades/ HTTP/1.1" 200 1061
"GET /api/v1/materias/436/centro-notas/?trimestre=T1 HTTP/1.1" 200 2348
"GET /api/v1/materias/436/centro-notas/?trimestre=T1 HTTP/1.1" 200 2348
"OPTIONS /api/v1/materias/notas/ HTTP/1.1" 200 0
"POST /api/v1/materias/notas/ HTTP/1.1" 200 220
"GET /api/v1/materias/436/centro-notas/?trimestre=T1 HTTP/1.1" 200 2348
"GET /api/v1/auth/mis-materias/ HTTP/1.1" 200 2653
"GET /api/v1/auth/mis-materias/ HTTP/1.1" 200 2653
"GET /api/v1/materias/horario/51/ HTTP/1.1" 200 2349
"GET /api/v1/materias/horario/53/ HTTP/1.1" 200 2349
"GET /api/v1/materias/horario/50/ HTTP/1.1" 200 2349
"GET /api/v1/materias/horario/52/ HTTP/1.1" 200 2349
"GET /api/v1/materias/horario/53/ HTTP/1.1" 200 2349
"GET /api/v1/materias/horario/51/ HTTP/1.1" 200 2349
"GET /api/v1/materias/horario/52/ HTTP/1.1" 200 2349
"GET /api/v1/materias/horario/50/ HTTP/1.1" 200 2349
Watching for file changes with StatReloader
Watching for file changes with StatReloader
"OPTIONS /api/v1/auth/mis-materias/ HTTP/1.1" 200 0
"OPTIONS /api/v1/auth/mis-materias/ HTTP/1.1" 200 0
Unauthorized: /api/v1/auth/mis-materias/
"GET /api/v1/auth/mis-materias/ HTTP/1.1" 401 203
Unauthorized: /api/v1/auth/mis-materias/
"OPTIONS /api/v1/auth/refresh/ HTTP/1.1" 200 0
"GET /api/v1/auth/mis-materias/ HTTP/1.1" 401 203
"POST /api/v1/auth/refresh/ HTTP/1.1" 200 244
"POST /api/v1/auth/refresh/ HTTP/1.1" 200 244
"GET /api/v1/auth/mis-materias/ HTTP/1.1" 200 2653
"OPTIONS /api/v1/materias/horario/50/ HTTP/1.1" 200 0
"OPTIONS /api/v1/materias/horario/51/ HTTP/1.1" 200 0
"OPTIONS /api/v1/materias/horario/52/ HTTP/1.1" 200 0
"OPTIONS /api/v1/materias/horario/53/ HTTP/1.1" 200 0
"GET /api/v1/auth/mis-materias/ HTTP/1.1" 200 2653
"GET /api/v1/materias/horario/50/ HTTP/1.1" 200 2349
"GET /api/v1/materias/horario/51/ HTTP/1.1" 200 2349
"GET /api/v1/materias/horario/52/ HTTP/1.1" 200 2349
"GET /api/v1/materias/horario/50/ HTTP/1.1" 200 2349
"GET /api/v1/materias/horario/53/ HTTP/1.1" 200 2349
"GET /api/v1/materias/horario/51/ HTTP/1.1" 200 2349
"GET /api/v1/materias/horario/52/ HTTP/1.1" 200 2349
"GET /api/v1/materias/horario/53/ HTTP/1.1" 200 2349
"GET /api/v1/auth/mis-materias/ HTTP/1.1" 200 2653
"GET /api/v1/auth/mis-materias/ HTTP/1.1" 200 2653
"OPTIONS /api/v1/materias/436/estudiantes/ HTTP/1.1" 200 0
"OPTIONS /api/v1/materias/436/estudiantes/ HTTP/1.1" 200 0
"GET /api/v1/materias/436/estudiantes/ HTTP/1.1" 200 5306
"GET /api/v1/materias/436/estudiantes/ HTTP/1.1" 200 5306
"OPTIONS /api/v1/materias/436/asistencia/?fecha=2026-05-05 HTTP/1.1" 200 0
"OPTIONS /api/v1/materias/436/ultima-asistencia/?antes_de=2026-05-05 HTTP/1.1" 200 0
"GET /api/v1/materias/436/asistencia/?fecha=2026-05-05 HTTP/1.1" 200 2
"GET /api/v1/materias/436/ultima-asistencia/?antes_de=2026-05-05 HTTP/1.1" 200 136
"OPTIONS /api/v1/materias/436/actividades/ HTTP/1.1" 200 0
"GET /api/v1/materias/436/actividades/ HTTP/1.1" 200 1061
"GET /api/v1/materias/436/actividades/ HTTP/1.1" 200 1061
"GET /api/v1/materias/436/estudiantes/ HTTP/1.1" 200 5306
"GET /api/v1/materias/436/estudiantes/ HTTP/1.1" 200 5306
"GET /api/v1/materias/436/asistencia/?fecha=2026-05-05 HTTP/1.1" 200 2
"GET /api/v1/materias/436/ultima-asistencia/?antes_de=2026-05-05 HTTP/1.1" 200 136
"OPTIONS /api/v1/materias/436/resumen-asistencia/ HTTP/1.1" 200 0
"GET /api/v1/materias/436/resumen-asistencia/ HTTP/1.1" 200 962
"GET /api/v1/materias/436/resumen-asistencia/ HTTP/1.1" 200 962
"GET /api/v1/materias/horario/50/ HTTP/1.1" 200 2349
"OPTIONS /api/v1/materias/437/asistencia/?fecha=2026-05-05 HTTP/1.1" 200 0
"OPTIONS /api/v1/materias/439/asistencia/?fecha=2026-05-05 HTTP/1.1" 200 0
"OPTIONS /api/v1/materias/440/asistencia/?fecha=2026-05-05 HTTP/1.1" 200 0
"OPTIONS /api/v1/materias/443/asistencia/?fecha=2026-05-05 HTTP/1.1" 200 0
"GET /api/v1/materias/436/asistencia/?fecha=2026-05-05 HTTP/1.1" 200 2
"GET /api/v1/materias/439/asistencia/?fecha=2026-05-05 HTTP/1.1" 200 2
"GET /api/v1/materias/440/asistencia/?fecha=2026-05-05 HTTP/1.1" 200 2
"GET /api/v1/materias/437/asistencia/?fecha=2026-05-05 HTTP/1.1" 200 2
"GET /api/v1/materias/443/asistencia/?fecha=2026-05-05 HTTP/1.1" 200 2
"GET /api/v1/auth/mis-materias/ HTTP/1.1" 200 2653
"GET /api/v1/auth/mis-materias/ HTTP/1.1" 200 2653
"GET /api/v1/materias/horario/50/ HTTP/1.1" 200 2349
"GET /api/v1/materias/horario/53/ HTTP/1.1" 200 2349
"GET /api/v1/materias/horario/52/ HTTP/1.1" 200 2349
"GET /api/v1/materias/horario/51/ HTTP/1.1" 200 2349
"GET /api/v1/materias/horario/50/ HTTP/1.1" 200 2349
"GET /api/v1/materias/horario/53/ HTTP/1.1" 200 2349
"GET /api/v1/materias/horario/51/ HTTP/1.1" 200 2349
"GET /api/v1/materias/horario/52/ HTTP/1.1" 200 2349
Not Found: /
"GET / HTTP/1.1" 404 2524
Not Found: /favicon.ico
"GET /favicon.ico HTTP/1.1" 404 2575
"GET /admin HTTP/1.1" 301 0
"GET /admin/ HTTP/1.1" 302 0
"GET /admin/login/?next=/admin/ HTTP/1.1" 200 4237
"GET /static/admin/css/dark_mode.css HTTP/1.1" 200 2929
"GET /static/admin/css/base.css HTTP/1.1" 200 21207
"GET /static/admin/css/nav_sidebar.css HTTP/1.1" 200 2694
"GET /static/admin/css/login.css HTTP/1.1" 200 958
"GET /static/admin/js/theme.js HTTP/1.1" 200 1943
"GET /static/admin/css/responsive.css HTTP/1.1" 200 18557
"GET /static/admin/js/nav_sidebar.js HTTP/1.1" 200 3063
"GET /api/v1/auth/mis-materias/ HTTP/1.1" 200 2653
"GET /api/v1/auth/mis-materias/ HTTP/1.1" 200 2653
"GET /api/v1/materias/436/estudiantes/ HTTP/1.1" 200 5306
"GET /api/v1/materias/436/estudiantes/ HTTP/1.1" 200 5306
"GET /api/v1/materias/436/asistencia/?fecha=2026-05-05 HTTP/1.1" 200 2
"GET /api/v1/materias/436/ultima-asistencia/?antes_de=2026-05-05 HTTP/1.1" 200 136
"GET /api/v1/materias/horario/50/ HTTP/1.1" 200 2349
"GET /api/v1/materias/437/asistencia/?fecha=2026-05-05 HTTP/1.1" 200 2
"GET /api/v1/materias/436/asistencia/?fecha=2026-05-05 HTTP/1.1" 200 2
"GET /api/v1/materias/439/asistencia/?fecha=2026-05-05 HTTP/1.1" 200 2
"GET /api/v1/materias/440/asistencia/?fecha=2026-05-05 HTTP/1.1" 200 2
"GET /api/v1/materias/443/asistencia/?fecha=2026-05-05 HTTP/1.1" 200 2
"OPTIONS /api/v1/materias/436/ultima-asistencia/?antes_de=2026-04-05 HTTP/1.1" 200 0
"OPTIONS /api/v1/materias/436/asistencia/?fecha=2026-04-05 HTTP/1.1" 200 0
"GET /api/v1/materias/436/ultima-asistencia/?antes_de=2026-04-05 HTTP/1.1" 200 136
"GET /api/v1/materias/436/asistencia/?fecha=2026-04-05 HTTP/1.1" 200 2
"OPTIONS /api/v1/materias/436/asistencia/?fecha=2026-04-14 HTTP/1.1" 200 0
"OPTIONS /api/v1/materias/436/ultima-asistencia/?antes_de=2026-04-14 HTTP/1.1" 200 0
"GET /api/v1/materias/436/ultima-asistencia/?antes_de=2026-04-14 HTTP/1.1" 200 136
"GET /api/v1/materias/436/asistencia/?fecha=2026-04-14 HTTP/1.1" 200 2102
"GET /api/v1/materias/horario/50/ HTTP/1.1" 200 2349
"OPTIONS /api/v1/materias/440/asistencia/?fecha=2026-04-14 HTTP/1.1" 200 0
"OPTIONS /api/v1/materias/437/asistencia/?fecha=2026-04-14 HTTP/1.1" 200 0
"OPTIONS /api/v1/materias/439/asistencia/?fecha=2026-04-14 HTTP/1.1" 200 0
"OPTIONS /api/v1/materias/443/asistencia/?fecha=2026-04-14 HTTP/1.1" 200 0
"GET /api/v1/materias/437/asistencia/?fecha=2026-04-14 HTTP/1.1" 200 2102
"GET /api/v1/materias/436/asistencia/?fecha=2026-04-14 HTTP/1.1" 200 2102
"GET /api/v1/materias/439/asistencia/?fecha=2026-04-14 HTTP/1.1" 200 2
"GET /api/v1/materias/443/asistencia/?fecha=2026-04-14 HTTP/1.1" 200 2102
"GET /api/v1/materias/440/asistencia/?fecha=2026-04-14 HTTP/1.1" 200 2102
"GET /api/v1/materias/436/actividades/ HTTP/1.1" 200 1061
"GET /api/v1/materias/436/actividades/ HTTP/1.1" 200 1061
"OPTIONS /api/v1/materias/436/centro-notas/?trimestre=T1 HTTP/1.1" 200 0
"OPTIONS /api/v1/materias/436/centro-notas/?trimestre=T1 HTTP/1.1" 200 0
"GET /api/v1/materias/436/centro-notas/?trimestre=T1 HTTP/1.1" 200 2348
"GET /api/v1/materias/436/centro-notas/?trimestre=T1 HTTP/1.1" 200 2348
"OPTIONS /api/v1/materias/436/centro-notas/?trimestre=T2 HTTP/1.1" 200 0
"GET /api/v1/materias/436/centro-notas/?trimestre=T2 HTTP/1.1" 200 699
"GET /api/v1/materias/436/centro-notas/?trimestre=T1 HTTP/1.1" 200 2348
"OPTIONS /api/v1/materias/436/notas/exportar/?trimestre=T1 HTTP/1.1" 200 0
"GET /api/v1/materias/436/notas/exportar/?trimestre=T1 HTTP/1.1" 200 6180
"GET /api/v1/auth/mis-materias/ HTTP/1.1" 200 2653
"GET /api/v1/auth/mis-materias/ HTTP/1.1" 200 2653
"GET /api/v1/materias/horario/50/ HTTP/1.1" 200 2349
"GET /api/v1/materias/horario/51/ HTTP/1.1" 200 2349
"GET /api/v1/materias/horario/53/ HTTP/1.1" 200 2349
"GET /api/v1/materias/horario/52/ HTTP/1.1" 200 2349
"GET /api/v1/materias/horario/50/ HTTP/1.1" 200 2349
"GET /api/v1/materias/horario/53/ HTTP/1.1" 200 2349
"GET /api/v1/materias/horario/51/ HTTP/1.1" 200 2349
"GET /api/v1/materias/horario/52/ HTTP/1.1" 200 2349
"OPTIONS /api/v1/auth/mis-materias/ HTTP/1.1" 200 0
"OPTIONS /api/v1/auth/mis-materias/ HTTP/1.1" 200 0
Unauthorized: /api/v1/auth/mis-materias/
"GET /api/v1/auth/mis-materias/ HTTP/1.1" 401 203
Unauthorized: /api/v1/auth/mis-materias/
"GET /api/v1/auth/mis-materias/ HTTP/1.1" 401 203
"OPTIONS /api/v1/auth/refresh/ HTTP/1.1" 200 0
"POST /api/v1/auth/refresh/ HTTP/1.1" 200 244
"POST /api/v1/auth/refresh/ HTTP/1.1" 200 244
"GET /api/v1/auth/mis-materias/ HTTP/1.1" 200 2653
"GET /api/v1/auth/mis-materias/ HTTP/1.1" 200 2653
"OPTIONS /api/v1/auth/logout/ HTTP/1.1" 200 0
"POST /api/v1/auth/logout/ HTTP/1.1" 200 43
"POST /admin/login/?next=/admin/ HTTP/1.1" 200 4440
Watching for file changes with StatReloader
Not Found: /
"GET / HTTP/1.1" 404 2524
Not Found: /favicon.ico
"GET /favicon.ico HTTP/1.1" 404 2575
"GET /admin HTTP/1.1" 301 0
"GET /admin/ HTTP/1.1" 302 0
"GET /admin/login/?next=/admin/ HTTP/1.1" 200 4237
"GET /static/admin/css/base.css HTTP/1.1" 200 21207
"GET /static/admin/css/nav_sidebar.css HTTP/1.1" 200 2694
"GET /static/admin/css/dark_mode.css HTTP/1.1" 200 2929
"GET /static/admin/css/login.css HTTP/1.1" 200 958
"GET /static/admin/css/responsive.css HTTP/1.1" 200 18557
"GET /static/admin/js/theme.js HTTP/1.1" 200 1943
"GET /static/admin/js/nav_sidebar.js HTTP/1.1" 200 3063
"POST /admin/login/?next=/admin/ HTTP/1.1" 200 4440
"POST /admin/login/?next=/admin/ HTTP/1.1" 200 4440
"POST /admin/login/?next=/admin/ HTTP/1.1" 200 4440
Watching for file changes with StatReloader
"POST /admin/login/?next=/admin/ HTTP/1.1" 200 4435
"POST /admin/login/?next=/admin/ HTTP/1.1" 200 4435
Watching for file changes with StatReloader
Not Found: /
"GET / HTTP/1.1" 404 2524
Not Found: /favicon.ico
"GET /favicon.ico HTTP/1.1" 404 2575
"GET /admin/ HTTP/1.1" 302 0
"GET /admin/login/?next=/admin/ HTTP/1.1" 200 4237
"GET /static/admin/css/nav_sidebar.css HTTP/1.1" 200 2694
"GET /static/admin/js/nav_sidebar.js HTTP/1.1" 200 3063
"GET /static/admin/css/login.css HTTP/1.1" 200 958
"GET /static/admin/css/dark_mode.css HTTP/1.1" 200 2929
"GET /static/admin/css/responsive.css HTTP/1.1" 200 18557
"GET /static/admin/js/theme.js HTTP/1.1" 200 1943
"GET /static/admin/css/base.css HTTP/1.1" 200 21207
"POST /admin/login/?next=/admin/ HTTP/1.1" 302 0
"GET /admin/ HTTP/1.1" 200 12946
"GET /static/admin/css/dashboard.css HTTP/1.1" 200 441
"GET /static/admin/img/icon-addlink.svg HTTP/1.1" 200 331
"GET /static/admin/img/icon-changelink.svg HTTP/1.1" 200 380
